-- MariaDB dump 10.19  Distrib 10.4.24-MariaDB, for Win64 (AMD64)
--
-- Host: localhost    Database: ecommerce
-- ------------------------------------------------------
-- Server version	10.4.24-MariaDB

/*!40101 SET @OLD_CHARACTER_SET_CLIENT=@@CHARACTER_SET_CLIENT */;
/*!40101 SET @OLD_CHARACTER_SET_RESULTS=@@CHARACTER_SET_RESULTS */;
/*!40101 SET @OLD_COLLATION_CONNECTION=@@COLLATION_CONNECTION */;
/*!40101 SET NAMES utf8mb4 */;
/*!40103 SET @OLD_TIME_ZONE=@@TIME_ZONE */;
/*!40103 SET TIME_ZONE='+00:00' */;
/*!40014 SET @OLD_UNIQUE_CHECKS=@@UNIQUE_CHECKS, UNIQUE_CHECKS=0 */;
/*!40014 SET @OLD_FOREIGN_KEY_CHECKS=@@FOREIGN_KEY_CHECKS, FOREIGN_KEY_CHECKS=0 */;
/*!40101 SET @OLD_SQL_MODE=@@SQL_MODE, SQL_MODE='NO_AUTO_VALUE_ON_ZERO' */;
/*!40111 SET @OLD_SQL_NOTES=@@SQL_NOTES, SQL_NOTES=0 */;

--
-- Table structure for table `failed_jobs`
--

DROP TABLE IF EXISTS `failed_jobs`;
/*!40101 SET @saved_cs_client     = @@character_set_client */;
/*!40101 SET character_set_client = utf8 */;
CREATE TABLE `failed_jobs` (
  `id` bigint(20) unsigned NOT NULL AUTO_INCREMENT,
  `uuid` varchar(255) COLLATE utf8mb4_unicode_ci NOT NULL,
  `connection` text COLLATE utf8mb4_unicode_ci NOT NULL,
  `queue` text COLLATE utf8mb4_unicode_ci NOT NULL,
  `payload` longtext COLLATE utf8mb4_unicode_ci NOT NULL,
  `exception` longtext COLLATE utf8mb4_unicode_ci NOT NULL,
  `failed_at` timestamp NOT NULL DEFAULT current_timestamp(),
  PRIMARY KEY (`id`),
  UNIQUE KEY `failed_jobs_uuid_unique` (`uuid`)
) ENGINE=InnoDB DEFAULT CHARSET=utf8mb4 COLLATE=utf8mb4_unicode_ci;
/*!40101 SET character_set_client = @saved_cs_client */;

--
-- Dumping data for table `failed_jobs`
--

LOCK TABLES `failed_jobs` WRITE;
/*!40000 ALTER TABLE `failed_jobs` DISABLE KEYS */;
/*!40000 ALTER TABLE `failed_jobs` ENABLE KEYS */;
UNLOCK TABLES;

--
-- Table structure for table `migrations`
--

DROP TABLE IF EXISTS `migrations`;
/*!40101 SET @saved_cs_client     = @@character_set_client */;
/*!40101 SET character_set_client = utf8 */;
CREATE TABLE `migrations` (
  `id` int(10) unsigned NOT NULL AUTO_INCREMENT,
  `migration` varchar(255) COLLATE utf8mb4_unicode_ci NOT NULL,
  `batch` int(11) NOT NULL,
  PRIMARY KEY (`id`)
) ENGINE=InnoDB AUTO_INCREMENT=7 DEFAULT CHARSET=utf8mb4 COLLATE=utf8mb4_unicode_ci;
/*!40101 SET character_set_client = @saved_cs_client */;

--
-- Dumping data for table `migrations`
--

LOCK TABLES `migrations` WRITE;
/*!40000 ALTER TABLE `migrations` DISABLE KEYS */;
INSERT INTO `migrations` VALUES (1,'2014_10_12_000000_create_users_table',1),(2,'2014_10_12_100000_create_password_resets_table',1),(3,'2019_08_19_000000_create_failed_jobs_table',1),(4,'2019_12_14_000001_create_personal_access_tokens_table',1),(5,'2022_04_15_030158_create_products_table',1),(6,'2022_04_15_030250_create_reviews_table',2);
/*!40000 ALTER TABLE `migrations` ENABLE KEYS */;
UNLOCK TABLES;

--
-- Table structure for table `password_resets`
--

DROP TABLE IF EXISTS `password_resets`;
/*!40101 SET @saved_cs_client     = @@character_set_client */;
/*!40101 SET character_set_client = utf8 */;
CREATE TABLE `password_resets` (
  `email` varchar(255) COLLATE utf8mb4_unicode_ci NOT NULL,
  `token` varchar(255) COLLATE utf8mb4_unicode_ci NOT NULL,
  `created_at` timestamp NULL DEFAULT NULL,
  KEY `password_resets_email_index` (`email`)
) ENGINE=InnoDB DEFAULT CHARSET=utf8mb4 COLLATE=utf8mb4_unicode_ci;
/*!40101 SET character_set_client = @saved_cs_client */;

--
-- Dumping data for table `password_resets`
--

LOCK TABLES `password_resets` WRITE;
/*!40000 ALTER TABLE `password_resets` DISABLE KEYS */;
/*!40000 ALTER TABLE `password_resets` ENABLE KEYS */;
UNLOCK TABLES;

--
-- Table structure for table `personal_access_tokens`
--

DROP TABLE IF EXISTS `personal_access_tokens`;
/*!40101 SET @saved_cs_client     = @@character_set_client */;
/*!40101 SET character_set_client = utf8 */;
CREATE TABLE `personal_access_tokens` (
  `id` bigint(20) unsigned NOT NULL AUTO_INCREMENT,
  `tokenable_type` varchar(255) COLLATE utf8mb4_unicode_ci NOT NULL,
  `tokenable_id` bigint(20) unsigned NOT NULL,
  `name` varchar(255) COLLATE utf8mb4_unicode_ci NOT NULL,
  `token` varchar(64) COLLATE utf8mb4_unicode_ci NOT NULL,
  `abilities` text COLLATE utf8mb4_unicode_ci DEFAULT NULL,
  `last_used_at` timestamp NULL DEFAULT NULL,
  `created_at` timestamp NULL DEFAULT NULL,
  `updated_at` timestamp NULL DEFAULT NULL,
  PRIMARY KEY (`id`),
  UNIQUE KEY `personal_access_tokens_token_unique` (`token`),
  KEY `personal_access_tokens_tokenable_type_tokenable_id_index` (`tokenable_type`,`tokenable_id`)
) ENGINE=InnoDB DEFAULT CHARSET=utf8mb4 COLLATE=utf8mb4_unicode_ci;
/*!40101 SET character_set_client = @saved_cs_client */;

--
-- Dumping data for table `personal_access_tokens`
--

LOCK TABLES `personal_access_tokens` WRITE;
/*!40000 ALTER TABLE `personal_access_tokens` DISABLE KEYS */;
/*!40000 ALTER TABLE `personal_access_tokens` ENABLE KEYS */;
UNLOCK TABLES;

--
-- Table structure for table `products`
--

DROP TABLE IF EXISTS `products`;
/*!40101 SET @saved_cs_client     = @@character_set_client */;
/*!40101 SET character_set_client = utf8 */;
CREATE TABLE `products` (
  `id` int(10) unsigned NOT NULL AUTO_INCREMENT,
  `name` varchar(255) COLLATE utf8mb4_unicode_ci NOT NULL,
  `detail` text COLLATE utf8mb4_unicode_ci NOT NULL,
  `price` double NOT NULL,
  `stock` int(11) NOT NULL,
  `discount` double NOT NULL,
  `created_at` timestamp NULL DEFAULT NULL,
  `updated_at` timestamp NULL DEFAULT NULL,
  PRIMARY KEY (`id`)
) ENGINE=InnoDB AUTO_INCREMENT=51 DEFAULT CHARSET=utf8mb4 COLLATE=utf8mb4_unicode_ci;
/*!40101 SET character_set_client = @saved_cs_client */;

--
-- Dumping data for table `products`
--

LOCK TABLES `products` WRITE;
/*!40000 ALTER TABLE `products` DISABLE KEYS */;
INSERT INTO `products` VALUES (1,'velit','Distinctio veniam provident vel qui. Numquam eum et recusandae aliquam minus et. Est exercitationem voluptates quo beatae odit minima repellendus odio. Non tenetur vel praesentium alias explicabo et unde.',496,8,8,'2022-04-15 10:16:56','2022-04-15 10:16:56'),(2,'est','Ullam ipsum hic in veritatis. Nemo incidunt neque minus aliquam a facere. Quasi delectus ipsum est id pariatur nobis et deserunt.',867,4,13,'2022-04-15 10:16:57','2022-04-15 10:16:57'),(3,'non','Aut qui ipsa nostrum sunt esse omnis odio. Unde consequuntur unde laudantium aut earum aut. Voluptatem et aut ut laudantium. Assumenda laboriosam non dolorem fuga sunt ut ut est.',228,0,2,'2022-04-15 10:16:57','2022-04-15 10:16:57'),(4,'id','Assumenda possimus similique distinctio. Sed labore accusamus ut molestias et nesciunt libero. Quaerat praesentium laboriosam vel pariatur beatae voluptate enim.',386,9,8,'2022-04-15 10:16:57','2022-04-15 10:16:57'),(5,'quasi','Unde id reprehenderit aut eaque dolores quasi voluptate. Omnis recusandae qui illum sunt voluptate ut ratione. Est pariatur unde qui error.',243,0,8,'2022-04-15 10:16:57','2022-04-15 10:16:57'),(6,'architecto','Accusantium odio fuga qui nihil officiis ullam vero. Natus provident sit laudantium quod. Sint et magnam velit vel similique aut. Et maxime perspiciatis ullam quidem assumenda. Quibusdam optio sapiente excepturi id corrupti qui nostrum autem.',705,9,19,'2022-04-15 10:16:57','2022-04-15 10:16:57'),(7,'dolores','Rem sunt ut quo qui explicabo saepe. Doloremque aliquam sapiente quaerat mollitia consequatur atque dolore. Itaque amet vero quia dolore eum sapiente.',719,2,12,'2022-04-15 10:16:57','2022-04-15 10:16:57'),(8,'est','Ut perferendis dolores assumenda sed earum. Quae cum voluptas ea quam. Autem aliquam error modi totam vitae.',690,4,13,'2022-04-15 10:16:57','2022-04-15 10:16:57'),(9,'vel','Reprehenderit et voluptatem perferendis debitis minus. Ut repellendus occaecati dolores unde. Non velit quo nulla quibusdam aspernatur. Aperiam esse ut accusantium odit aut molestiae.',230,2,28,'2022-04-15 10:16:57','2022-04-15 10:16:57'),(10,'consequatur','Voluptate neque aperiam laboriosam qui rerum. Non accusantium animi tenetur nihil quo.',541,7,16,'2022-04-15 10:16:57','2022-04-15 10:16:57'),(11,'quae','Eligendi est maxime facere rerum. Quae aliquam quos quo consectetur pariatur reiciendis consequatur. At quidem rem sapiente cum dolor rerum nihil animi. Temporibus culpa et dolores et est consequatur.',217,9,18,'2022-04-15 10:16:57','2022-04-15 10:16:57'),(12,'aliquam','Nisi beatae labore porro consequuntur. Aut ea quis consequatur sunt. Aperiam vel qui commodi corporis voluptas alias. Omnis inventore blanditiis cupiditate minima eveniet quia.',459,3,24,'2022-04-15 10:16:57','2022-04-15 10:16:57'),(13,'aut','Odio tenetur dicta et. Aut fugiat voluptatem doloremque molestiae. Est vero nulla qui quia. Natus eos debitis sint laudantium iusto tempore aut.',526,2,28,'2022-04-15 10:16:57','2022-04-15 10:16:57'),(14,'dolorem','Dolores rerum fugiat officia asperiores suscipit maxime. Culpa fugiat quis exercitationem et. Consectetur totam ratione sint culpa et id. Quis natus cumque enim animi placeat nobis.',553,0,7,'2022-04-15 10:16:57','2022-04-15 10:16:57'),(15,'sapiente','Autem vel unde rerum quaerat facere perspiciatis vero dolor. Et odit doloribus iste eaque. Minima tempore qui officiis accusamus voluptatem ab molestiae. Rerum eligendi dolor non aut voluptatibus blanditiis dolorem. Animi quo optio qui.',174,0,3,'2022-04-15 10:16:57','2022-04-15 10:16:57'),(16,'facilis','Facilis corporis ipsa sequi maiores ducimus. Iste voluptas ad est voluptatem est. Ipsa est aliquid nihil sit autem doloremque.',153,6,10,'2022-04-15 10:16:57','2022-04-15 10:16:57'),(17,'nulla','Eos provident dolor cum in. Repellendus nihil esse nemo temporibus. Rerum numquam facilis laboriosam ipsa facilis. Voluptas rerum esse occaecati rerum nostrum.',138,1,26,'2022-04-15 10:16:57','2022-04-15 10:16:57'),(18,'aut','Accusamus impedit et voluptatem eos et aut. Consectetur quia facere et corporis excepturi ullam laboriosam itaque.',693,6,10,'2022-04-15 10:16:57','2022-04-15 10:16:57'),(19,'in','Aut ad iure nemo occaecati nemo veniam molestiae quia. Et natus ab velit velit. Molestiae suscipit quo alias maiores aperiam.',953,6,30,'2022-04-15 10:16:57','2022-04-15 10:16:57'),(20,'dicta','Quae accusantium labore hic et magni. Atque voluptatem tempora commodi et. Fugit autem asperiores cupiditate nam. Corrupti consequatur ut temporibus ea est nam excepturi.',918,4,8,'2022-04-15 10:16:57','2022-04-15 10:16:57'),(21,'quisquam','Et officiis non at aut ullam porro et. Voluptas doloremque amet explicabo magni maiores asperiores. Ullam quos voluptas totam et odio.',208,9,29,'2022-04-15 10:16:58','2022-04-15 10:16:58'),(22,'necessitatibus','Veritatis repellat facere iste quas aspernatur provident voluptatum reiciendis. Quisquam sit quas sint autem exercitationem voluptatem exercitationem excepturi. Repellendus ea unde explicabo fuga tempora.',669,5,8,'2022-04-15 10:16:58','2022-04-15 10:16:58'),(23,'aut','Magnam excepturi accusantium quasi odit dolorum iure sit ex. Praesentium est alias voluptas molestiae consequuntur. Saepe exercitationem sit quaerat optio vel.',820,0,24,'2022-04-15 10:16:58','2022-04-15 10:16:58'),(24,'cupiditate','Tenetur quas animi debitis quidem hic. Aliquid debitis fugiat sed aut omnis eius. Sit est et et sed nam et recusandae.',891,7,24,'2022-04-15 10:16:58','2022-04-15 10:16:58'),(25,'molestias','Velit eius quia ipsa porro. Animi ad animi deserunt accusantium quo omnis fugiat. Ut ab consequatur dolorem omnis atque nihil illum.',840,3,4,'2022-04-15 10:16:58','2022-04-15 10:16:58'),(26,'aut','Fugiat maiores repellat dolorum blanditiis voluptates. Consequatur perspiciatis sint est voluptate temporibus. Et molestiae suscipit placeat aut. Facilis praesentium officia distinctio molestias. Autem id et quam ad.',477,0,11,'2022-04-15 10:16:58','2022-04-15 10:16:58'),(27,'quia','Perferendis et voluptatum quam maiores. Atque unde illo consequuntur numquam eum. Cum perspiciatis atque optio et consectetur. Vero dolorem enim qui ut explicabo quo.',847,7,27,'2022-04-15 10:16:58','2022-04-15 10:16:58'),(28,'aspernatur','Modi harum ut ducimus aut. Sunt minima doloremque nobis sit eos. Eum vel vel illo cumque.',361,4,8,'2022-04-15 10:16:58','2022-04-15 10:16:58'),(29,'recusandae','Fuga doloribus placeat dicta debitis sunt voluptatem laborum. Non velit omnis beatae voluptatem eum et. Illo dicta ea perferendis suscipit error tenetur.',396,3,21,'2022-04-15 10:16:58','2022-04-15 10:16:58'),(30,'aperiam','Itaque aut saepe laboriosam veritatis nobis autem aspernatur. Asperiores et cumque ut dicta suscipit eligendi. Qui facilis quaerat magni velit qui est. Nisi eius repellendus qui ut quaerat omnis. Rerum suscipit eos aperiam delectus.',763,7,18,'2022-04-15 10:16:58','2022-04-15 10:16:58'),(31,'quae','Non doloribus sequi temporibus. Amet quia et nostrum ullam. Explicabo adipisci distinctio repudiandae ipsum odio. Sit ad modi exercitationem sint dolores architecto.',114,7,21,'2022-04-15 10:16:58','2022-04-15 10:16:58'),(32,'ut','Dolores aliquid blanditiis dolores provident ut. Qui doloribus et quia est velit modi. Consectetur libero ut voluptatem commodi est. Non maiores tempora alias enim illum. Nam qui officiis nostrum qui.',427,0,7,'2022-04-15 10:16:58','2022-04-15 10:16:58'),(33,'doloremque','Error et quae ratione magni. Qui accusantium aperiam voluptas sint. Ut voluptatibus voluptatem illum ducimus. Ab omnis sint sit unde.',685,2,9,'2022-04-15 10:16:58','2022-04-15 10:16:58'),(34,'ut','Consequatur velit ullam qui tenetur nemo quia. Harum repudiandae ducimus consequatur molestias. Vitae consectetur iusto veniam quo quidem est. Sit commodi atque a corporis aut nemo sit.',681,7,15,'2022-04-15 10:16:58','2022-04-15 10:16:58'),(35,'laborum','Sunt qui recusandae molestias reprehenderit harum aut. Qui esse corporis eum. Laboriosam itaque at distinctio architecto magnam et eaque.',357,9,11,'2022-04-15 10:16:58','2022-04-15 10:16:58'),(36,'eveniet','Id itaque et qui alias cum similique. Totam exercitationem impedit reiciendis reiciendis deserunt expedita sit. Optio maxime impedit quam minus quasi id. Maiores provident laboriosam nobis laudantium. Nam eius assumenda ut enim.',405,2,29,'2022-04-15 10:16:58','2022-04-15 10:16:58'),(37,'illo','At quo provident molestias culpa. Similique est recusandae totam laboriosam. Et debitis voluptas ratione nisi ipsam debitis. Aut quae rerum tempore ipsum cumque enim ipsum.',504,7,7,'2022-04-15 10:16:58','2022-04-15 10:16:58'),(38,'sequi','Odio ipsam repellat dignissimos et. Veniam qui quidem asperiores nesciunt occaecati itaque nam. Ut vel fuga officia dolore omnis architecto. Qui atque fugit voluptatum excepturi.',566,7,10,'2022-04-15 10:16:58','2022-04-15 10:16:58'),(39,'porro','Delectus porro totam similique voluptas non voluptatem non sit. Porro accusamus accusantium aut optio eius illum.',661,0,15,'2022-04-15 10:16:58','2022-04-15 10:16:58'),(40,'praesentium','Voluptas id voluptatem vel aliquid. Veniam consequatur aut enim numquam cupiditate ipsum ut. Perferendis explicabo soluta rerum suscipit vel.',951,0,21,'2022-04-15 10:16:58','2022-04-15 10:16:58'),(41,'et','Dignissimos esse numquam consectetur ipsam qui. Quibusdam in itaque explicabo iusto aut recusandae quae. Et quaerat sunt ea.',932,1,20,'2022-04-15 10:16:58','2022-04-15 10:16:58'),(42,'et','Quasi omnis dolorem nihil expedita quia est. Omnis provident officia omnis tempore non mollitia aliquam magnam. Hic explicabo eligendi minima dolores.',319,4,29,'2022-04-15 10:16:58','2022-04-15 10:16:58'),(43,'sed','Neque illum qui vero veniam et eligendi distinctio sit. Eius hic voluptates ea adipisci. Et autem ut et est. Est explicabo voluptas ipsum alias impedit eos.',618,4,14,'2022-04-15 10:16:58','2022-04-15 10:16:58'),(44,'pariatur','Modi quis est voluptas quam pariatur. Excepturi voluptatum ex aut non deserunt consequatur illo. Rem modi saepe eius dolorum. Sunt sint consequatur ipsa occaecati iure.',372,0,2,'2022-04-15 10:16:59','2022-04-15 10:16:59'),(45,'rem','Rerum sunt sit non quo. Quisquam amet alias libero. Aut dolore aut dolore nihil dolor.',665,1,18,'2022-04-15 10:16:59','2022-04-15 10:16:59'),(46,'ea','In laborum odio odit tempora dolor. Eligendi dolorem nisi non voluptatum quae. In culpa id optio rerum consectetur quos. Dolore sunt nihil nulla reiciendis ea explicabo.',798,2,2,'2022-04-15 10:16:59','2022-04-15 10:16:59'),(47,'ipsum','Dolores a cum omnis fugit excepturi voluptates ut animi. Omnis quisquam voluptatem reprehenderit quidem. Omnis veniam asperiores ex et.',394,0,21,'2022-04-15 10:16:59','2022-04-15 10:16:59'),(48,'et','Ad esse officiis aspernatur earum. Sit possimus aspernatur reiciendis asperiores.',454,4,26,'2022-04-15 10:16:59','2022-04-15 10:16:59'),(49,'aut','Consectetur expedita et ducimus perferendis reprehenderit eos commodi. Dolores incidunt sequi ipsa quia laboriosam cum nihil. Cum nulla ad tempore est amet.',688,5,5,'2022-04-15 10:16:59','2022-04-15 10:16:59'),(50,'deleniti','Sit et ut ut eaque. Nihil quidem magnam laudantium ipsum. Molestiae voluptas et libero occaecati. Est velit qui ut quisquam sed similique. Voluptatibus provident molestiae ducimus ut.',691,1,13,'2022-04-15 10:16:59','2022-04-15 10:16:59');
/*!40000 ALTER TABLE `products` ENABLE KEYS */;
UNLOCK TABLES;

--
-- Table structure for table `reviews`
--

DROP TABLE IF EXISTS `reviews`;
/*!40101 SET @saved_cs_client     = @@character_set_client */;
/*!40101 SET character_set_client = utf8 */;
CREATE TABLE `reviews` (
  `id` int(10) unsigned NOT NULL AUTO_INCREMENT,
  `product_id` int(10) unsigned NOT NULL,
  `customer` varchar(255) COLLATE utf8mb4_unicode_ci NOT NULL,
  `review` text COLLATE utf8mb4_unicode_ci NOT NULL,
  `star` int(11) NOT NULL,
  `created_at` timestamp NULL DEFAULT NULL,
  `updated_at` timestamp NULL DEFAULT NULL,
  PRIMARY KEY (`id`),
  KEY `reviews_product_id_index` (`product_id`),
  CONSTRAINT `reviews_product_id_foreign` FOREIGN KEY (`product_id`) REFERENCES `products` (`id`) ON DELETE CASCADE
) ENGINE=InnoDB AUTO_INCREMENT=301 DEFAULT CHARSET=utf8mb4 COLLATE=utf8mb4_unicode_ci;
/*!40101 SET character_set_client = @saved_cs_client */;

--
-- Dumping data for table `reviews`
--

LOCK TABLES `reviews` WRITE;
/*!40000 ALTER TABLE `reviews` DISABLE KEYS */;
INSERT INTO `reviews` VALUES (1,26,'George Reynolds','Incidunt quod ut enim rerum et ullam. Inventore minus totam iste debitis repellat omnis. Quam deserunt repellendus tempora odio sed beatae. Et in blanditiis ex blanditiis repellendus.',5,'2022-04-15 10:17:00','2022-04-15 10:17:00'),(2,19,'Dr. Terry Kuhlman','Quod et sed praesentium itaque sunt eos aut. In suscipit voluptas ut quia iste earum qui est.',0,'2022-04-15 10:17:00','2022-04-15 10:17:00'),(3,40,'Casper Streich III','Facere sunt sunt architecto autem similique consequatur aut. Soluta sint ipsam est ut voluptate consectetur. Corrupti voluptatem inventore cupiditate quos. Labore id ipsum repudiandae tempora.',5,'2022-04-15 10:17:00','2022-04-15 10:17:00'),(4,33,'Braeden Cormier IV','Nihil omnis enim repellat inventore quia aut. Beatae molestiae reiciendis impedit eius eos molestias veritatis. Corporis ea sapiente distinctio sit laudantium neque est. Quaerat officiis deserunt provident consequatur iure consectetur.',0,'2022-04-15 10:17:00','2022-04-15 10:17:00'),(5,39,'Margaretta Robel','Reprehenderit sapiente error est laborum impedit. Dolore quis error minus dolor adipisci voluptatibus. Quia voluptatem reiciendis ad tempora.',1,'2022-04-15 10:17:00','2022-04-15 10:17:00'),(6,1,'Prof. Layne Barrows MD','Consequatur magni ex libero beatae numquam rerum. Reiciendis nostrum molestias quae quia atque. Laboriosam eum expedita ut nesciunt exercitationem ratione.',0,'2022-04-15 10:17:00','2022-04-15 10:17:00'),(7,49,'Jerrod Christiansen IV','Provident quia est occaecati cum asperiores ut sunt. Ex a error sed in dolor est praesentium et. Fugiat explicabo et quia earum et eius. Veniam et ex excepturi tempore eius.',2,'2022-04-15 10:17:00','2022-04-15 10:17:00'),(8,48,'Kenyatta Hirthe I','Provident laboriosam et ut non aspernatur atque. Voluptatem incidunt qui rerum natus aliquam magni. Molestiae doloremque vero unde et sunt molestiae velit. At temporibus dignissimos tenetur id.',0,'2022-04-15 10:17:00','2022-04-15 10:17:00'),(9,3,'Gwen Feeney','Ipsa eius et ipsum tenetur perferendis consequuntur veritatis. Ut soluta voluptates magnam laboriosam fugiat laboriosam ut. Illo distinctio modi voluptates ut ut ut. Suscipit et sint suscipit et.',0,'2022-04-15 10:17:00','2022-04-15 10:17:00'),(10,27,'Litzy Nicolas','Sunt eveniet aliquam accusantium qui vitae delectus. Molestiae et voluptas saepe molestias iste quisquam quis. Repellendus et nesciunt id. Id ipsa voluptas sit amet natus hic sequi. Labore quis nisi voluptas architecto quos ullam perferendis veniam.',1,'2022-04-15 10:17:00','2022-04-15 10:17:00'),(11,12,'Asa Weimann DVM','Sed quod est consequuntur officia labore error. Aut id omnis illum dolores praesentium voluptatem nisi ut. Repudiandae corrupti et quia vel ad.',2,'2022-04-15 10:17:00','2022-04-15 10:17:00'),(12,9,'Nels Rau','Enim impedit ad totam necessitatibus qui. Dolores id molestiae cumque esse.',1,'2022-04-15 10:17:00','2022-04-15 10:17:00'),(13,8,'Mr. Darion Stracke III','Est aut adipisci nisi repellendus eos. Ad sed facilis sed ut sed distinctio. Voluptatem reprehenderit deleniti ut maiores commodi voluptatem.',3,'2022-04-15 10:17:00','2022-04-15 10:17:00'),(14,3,'Damian Konopelski','Consequatur modi necessitatibus accusantium ut voluptatem. Magnam facilis nemo totam est quo deleniti quia aliquam. Error sint possimus molestiae debitis labore ratione eos. Sunt consectetur quam numquam nostrum voluptatem quos perspiciatis.',2,'2022-04-15 10:17:00','2022-04-15 10:17:00'),(15,35,'Mrs. Dana Fritsch','Reprehenderit repellendus rerum voluptatem ab ut rem. Qui tempora velit possimus sunt similique. Velit omnis odit minus iusto quasi natus. Deserunt ut error blanditiis dolores eum quam quo.',1,'2022-04-15 10:17:00','2022-04-15 10:17:00'),(16,5,'Kayli Jerde','Eaque quia et delectus maiores alias. Omnis ipsum dignissimos sit sint quibusdam sed. Omnis beatae commodi assumenda dicta ut in. Ratione omnis sunt velit. Consequatur autem deserunt enim recusandae quo ratione accusamus.',5,'2022-04-15 10:17:00','2022-04-15 10:17:00'),(17,1,'Tommie Heller','Necessitatibus cum modi sequi quis voluptatem corrupti nobis. Assumenda quia illo est amet. Beatae minima earum voluptatum cupiditate tempora voluptate.',5,'2022-04-15 10:17:00','2022-04-15 10:17:00'),(18,22,'Darren Rath','Consequatur qui labore repellat in. Reprehenderit nesciunt quia unde omnis. Eveniet ad fugit suscipit repudiandae dolores.',4,'2022-04-15 10:17:00','2022-04-15 10:17:00'),(19,20,'Janelle Bogan','Dolores esse est amet et. Ut modi dolorem dolorum omnis occaecati omnis. Asperiores veniam minima doloribus consequatur.',5,'2022-04-15 10:17:00','2022-04-15 10:17:00'),(20,45,'Valentin DuBuque','Vel ullam accusamus laudantium adipisci harum rerum minima enim. Labore quas necessitatibus perferendis omnis rerum. Sed molestiae qui repellendus esse.',4,'2022-04-15 10:17:01','2022-04-15 10:17:01'),(21,20,'Dee Keebler','Quisquam repellat enim et et vitae. Aut est nobis iure ratione et. Repudiandae similique error maiores amet ea a quia.',1,'2022-04-15 10:17:01','2022-04-15 10:17:01'),(22,3,'Arthur Nienow','Sunt unde ut qui rerum delectus odio minima. In itaque voluptatem itaque omnis laborum. Cum et modi atque et ea.',1,'2022-04-15 10:17:01','2022-04-15 10:17:01'),(23,48,'Keaton Hayes','Quis est eveniet laborum est. Doloribus sapiente fugiat earum ea earum et quisquam magnam. Omnis doloremque doloremque facilis libero aspernatur. Facere reiciendis autem repellendus ipsum debitis architecto.',0,'2022-04-15 10:17:01','2022-04-15 10:17:01'),(24,4,'Mrs. Georgette Raynor DDS','Ut sed molestiae quae fuga numquam qui doloremque. Et est nesciunt totam minus. Autem ut eveniet quaerat delectus.',5,'2022-04-15 10:17:01','2022-04-15 10:17:01'),(25,49,'Doris Green','Ipsam nesciunt qui enim laudantium sunt officiis voluptatibus esse. Deserunt rem molestiae ut qui est rerum. Voluptas facilis aut et et et dolorem. Non aut aut sit et mollitia.',1,'2022-04-15 10:17:01','2022-04-15 10:17:01'),(26,44,'Aiden D\'Amore','Voluptatem reiciendis laboriosam necessitatibus non. Vel ullam reprehenderit a. Quia repellendus explicabo optio aut. Quia et dicta inventore voluptatem accusamus.',1,'2022-04-15 10:17:01','2022-04-15 10:17:01'),(27,9,'Nasir Haley','Aut illo laudantium quidem repellendus porro architecto aut sit. Necessitatibus consequatur quis eum doloribus fugiat rerum et. In animi non hic maiores nesciunt architecto placeat eius.',3,'2022-04-15 10:17:01','2022-04-15 10:17:01'),(28,4,'Dr. Zoey Rolfson','Consectetur occaecati voluptatum nihil maxime harum in officiis quisquam. Minus in soluta vero doloribus.',3,'2022-04-15 10:17:01','2022-04-15 10:17:01'),(29,49,'Greta Abernathy','Iure cum aut ratione consequatur. Doloremque quos sequi assumenda reiciendis vero itaque necessitatibus. Rerum doloribus dolorum eius quam veritatis. Non fugiat neque in veritatis velit ut.',1,'2022-04-15 10:17:01','2022-04-15 10:17:01'),(30,15,'Winifred Turcotte II','Accusantium sed nam consequatur blanditiis eligendi sed aut. Nobis eos veniam laboriosam laborum enim. In eveniet eius sed.',4,'2022-04-15 10:17:01','2022-04-15 10:17:01'),(31,20,'Mrs. Kaelyn Emard Sr.','Animi et delectus temporibus assumenda soluta iste. Enim id corporis fugit illum. Doloremque natus voluptas facilis culpa eum corporis. Ut neque blanditiis laboriosam in ut. Eius assumenda cumque ut sed neque delectus vero.',0,'2022-04-15 10:17:01','2022-04-15 10:17:01'),(32,25,'Rylee Hilpert','Quaerat repellendus deserunt porro velit veritatis nisi. Veniam eos nobis culpa sit consequatur perspiciatis ab expedita. Illo ducimus ipsum ratione est atque.',4,'2022-04-15 10:17:01','2022-04-15 10:17:01'),(33,7,'Hermann Beahan','Sunt ullam eos delectus sit tenetur. Illo voluptates eveniet cumque dolores. Aut tenetur magni debitis non labore similique. Officia corrupti rerum eum tempora in quibusdam quia. Dolorum incidunt esse molestiae ab est enim perspiciatis quia.',5,'2022-04-15 10:17:01','2022-04-15 10:17:01'),(34,9,'Murphy Haag','Quis porro et aliquam cum quia rerum. Itaque totam perferendis qui provident. Sint omnis sint aut nobis. Eaque est et fugiat ducimus consequatur cumque accusamus.',5,'2022-04-15 10:17:01','2022-04-15 10:17:01'),(35,2,'Jacinto Johns Sr.','Aliquid dolor et similique ullam et autem ut quia. Dicta optio quibusdam non quia magni vel autem. Sapiente sed in sunt dignissimos.',0,'2022-04-15 10:17:01','2022-04-15 10:17:01'),(36,47,'Cruz Williamson','Tempora nam ex quia rem minima. Est porro beatae dicta laboriosam voluptate. A sit repellat mollitia consequatur dolorem repudiandae ipsam aut.',4,'2022-04-15 10:17:01','2022-04-15 10:17:01'),(37,49,'Prof. Matt Wilkinson','Mollitia accusantium consectetur totam qui quis itaque incidunt. Et ut possimus aliquam laudantium perferendis ut est accusantium. Sunt laudantium corporis ut id. Officiis non assumenda et et ut.',2,'2022-04-15 10:17:01','2022-04-15 10:17:01'),(38,13,'Rowan Block','Ex suscipit itaque sit debitis qui. Magnam consectetur laboriosam necessitatibus aliquam corrupti. Ut laudantium omnis et.',3,'2022-04-15 10:17:01','2022-04-15 10:17:01'),(39,37,'Miss Brooklyn Hand I','Sequi possimus fugit rerum saepe similique culpa quos. Quia aut consequatur qui ex maiores. Dolore culpa molestiae odio consectetur ut.',5,'2022-04-15 10:17:01','2022-04-15 10:17:01'),(40,46,'Dr. Boyd Oberbrunner','Molestiae sapiente aut voluptates ipsa et quis harum. Officia quia blanditiis et sit officia. Nostrum tempore magni sapiente ad. Sed et dolorem ea ipsum.',2,'2022-04-15 10:17:01','2022-04-15 10:17:01'),(41,12,'Mr. Marquis Yost','Est et magni ipsam totam autem qui omnis reiciendis. Quisquam incidunt aspernatur molestias dolor natus quisquam delectus illum. Excepturi voluptatem placeat voluptatum dicta.',2,'2022-04-15 10:17:02','2022-04-15 10:17:02'),(42,33,'Ciara Ruecker','Laudantium distinctio non pariatur delectus dolorem provident. Porro iure sequi et.',2,'2022-04-15 10:17:02','2022-04-15 10:17:02'),(43,50,'Nola Durgan','Est sit quae sed et ut ex. Reprehenderit sequi omnis doloribus et est. Sit voluptatibus et quo voluptatibus magnam sed. Illum minima dicta quos sint fugit necessitatibus officiis.',1,'2022-04-15 10:17:02','2022-04-15 10:17:02'),(44,35,'Joy Douglas','Omnis dolorum ratione aspernatur sed harum ducimus. Commodi necessitatibus doloribus in quod vel qui. Ut facere aliquam asperiores quis. Enim est veritatis debitis modi saepe.',4,'2022-04-15 10:17:02','2022-04-15 10:17:02'),(45,44,'Kenyatta Schimmel Sr.','Non unde quia qui eos eveniet. Fugit debitis labore quo cum laboriosam inventore a. Nemo doloremque natus incidunt quo unde facere. At rerum est fugiat qui. Modi dolor nemo dolorum nam.',4,'2022-04-15 10:17:02','2022-04-15 10:17:02'),(46,48,'Hosea Mertz','Quod neque voluptas dolores. Accusamus consequatur aut autem. Quod sit enim et esse nostrum deserunt vel.',1,'2022-04-15 10:17:02','2022-04-15 10:17:02'),(47,25,'Hope King','Dolorum alias dolor quia non. Vel consectetur exercitationem non quibusdam quo animi architecto. Rerum est adipisci temporibus ipsa. Est sunt occaecati dignissimos officia vitae exercitationem officia.',5,'2022-04-15 10:17:02','2022-04-15 10:17:02'),(48,27,'Merlin Hand','Quos est ex saepe deserunt. Cumque vel et eos perspiciatis. Voluptatem et non beatae in. Cumque eligendi voluptatibus quis sapiente sit deserunt voluptatem.',3,'2022-04-15 10:17:02','2022-04-15 10:17:02'),(49,34,'Paxton Jerde','Qui cupiditate nihil nobis ea hic. Repellendus dignissimos voluptatibus eligendi repellendus et dolorem voluptatem. Odio eum neque veniam nam pariatur. Delectus et maiores eaque sit veritatis ut sit.',5,'2022-04-15 10:17:02','2022-04-15 10:17:02'),(50,50,'Carlee Hahn','Velit maiores pariatur voluptatem et adipisci neque natus. Amet ut qui aut.',5,'2022-04-15 10:17:02','2022-04-15 10:17:02'),(51,46,'Anabel Cremin','Et numquam commodi non ducimus. Maiores recusandae voluptatem ut numquam aut dolor qui totam.',5,'2022-04-15 10:17:02','2022-04-15 10:17:02'),(52,14,'Christy Mosciski V','Reprehenderit voluptatem aut soluta laborum inventore est voluptas. Eum tempora non pariatur necessitatibus ex qui. Non doloremque voluptatem corporis dolores enim ut odit occaecati. Quaerat ut minima fugit veritatis quia ipsum ipsam. In sit aut labore quasi voluptas rem.',5,'2022-04-15 10:17:02','2022-04-15 10:17:02'),(53,1,'Amiya Bosco V','Repellendus magni esse reprehenderit praesentium a officia dolorem. Non omnis quae aut rem pariatur. Eligendi placeat dolores maiores consequatur. Placeat ut a sed ratione quia.',1,'2022-04-15 10:17:02','2022-04-15 10:17:02'),(54,48,'Columbus Osinski','Illo adipisci recusandae provident. Aliquam repellat aspernatur explicabo placeat. Provident est eos earum ea aut a repellat. Et quibusdam molestiae accusamus ut veritatis mollitia.',5,'2022-04-15 10:17:02','2022-04-15 10:17:02'),(55,5,'Mr. Abdullah Rempel','Voluptates nostrum porro quisquam deleniti nostrum dicta aperiam repellat. Error in iure praesentium. Dolor ut ipsa omnis voluptas eaque doloremque perferendis. Quia fuga consectetur magnam qui et ratione eaque.',1,'2022-04-15 10:17:02','2022-04-15 10:17:02'),(56,45,'Nico Luettgen','Itaque dolorem est quisquam assumenda. Aspernatur earum eius in voluptates. Est eligendi animi ut. Quod voluptas velit assumenda.',4,'2022-04-15 10:17:02','2022-04-15 10:17:02'),(57,21,'Mattie Jones IV','Expedita dolorum rem id veniam ut dolores. Rerum ducimus enim voluptatem rerum. Velit officiis veritatis sunt consequatur quis. Sequi quia omnis est voluptatem nemo inventore aspernatur.',0,'2022-04-15 10:17:02','2022-04-15 10:17:02'),(58,8,'Dr. Sven Kerluke DVM','Quod ipsa commodi officia rerum quia et temporibus aliquam. Ea esse et nostrum expedita quo. Deleniti cumque illum molestiae iusto. Consequatur distinctio et provident nostrum quae sed et.',0,'2022-04-15 10:17:03','2022-04-15 10:17:03'),(59,40,'Mr. Jayme Funk','Voluptatibus inventore omnis non iure voluptate incidunt. Quo adipisci maxime doloribus. Ut asperiores ipsam pariatur dolores voluptatum.',4,'2022-04-15 10:17:03','2022-04-15 10:17:03'),(60,50,'Eileen O\'Conner','Occaecati sit et iusto debitis. Nemo et ea non expedita ipsa explicabo.',4,'2022-04-15 10:17:03','2022-04-15 10:17:03'),(61,10,'Vivienne Grant','Debitis quibusdam id et sunt est nemo. Commodi minima est voluptatem tempore sapiente et eum. Voluptatem culpa et praesentium quod aut. Et eos nemo occaecati nobis. Ratione dolor numquam officia.',4,'2022-04-15 10:17:03','2022-04-15 10:17:03'),(62,30,'Dorris Runolfsson Jr.','Voluptas veritatis eum consequatur facere. Odio perferendis qui est.',2,'2022-04-15 10:17:03','2022-04-15 10:17:03'),(63,41,'Anita Jast','Omnis rerum perspiciatis tenetur et ea aut. Consectetur sunt hic minima nemo ex. Doloremque placeat quas dolorem ut.',0,'2022-04-15 10:17:03','2022-04-15 10:17:03'),(64,45,'Fern Lehner','Consequuntur laudantium pariatur consequuntur vel amet ullam magnam dolorem. Quia vero consectetur modi ipsa. Et magni aperiam rerum. Eos quae sed sit dolores voluptas unde officiis.',0,'2022-04-15 10:17:03','2022-04-15 10:17:03'),(65,32,'Dane Dare','Aut temporibus quam aut quis. Necessitatibus illum aspernatur dignissimos et. Similique dolores voluptatibus qui laudantium. Totam sed eveniet et voluptatibus voluptas esse eaque. Voluptates non earum sint ut totam voluptates consectetur officiis.',3,'2022-04-15 10:17:03','2022-04-15 10:17:03'),(66,28,'Silas Pfannerstill','Nulla modi quidem qui voluptate et autem nihil. Minus non exercitationem suscipit voluptas et et qui. Ipsum qui molestiae assumenda et exercitationem quisquam quis. Ut aliquid et ipsa autem.',3,'2022-04-15 10:17:03','2022-04-15 10:17:03'),(67,3,'Jeremie Satterfield','Dolorum impedit ipsa officiis ipsam. Temporibus nesciunt delectus et excepturi pariatur vel. Provident aut omnis voluptatem voluptatem id. Aperiam ratione vero qui quisquam.',0,'2022-04-15 10:17:03','2022-04-15 10:17:03'),(68,12,'Prof. Orie Daniel','Consequuntur molestiae sed aut cum est perspiciatis. Sunt excepturi neque sapiente vel ex fuga vero. Voluptas voluptatibus iste reiciendis impedit unde itaque. Voluptas maxime ut quam assumenda dolor. Et aliquam quod nemo libero unde asperiores autem.',2,'2022-04-15 10:17:03','2022-04-15 10:17:03'),(69,49,'Roxane Moore','Et modi dignissimos ipsam et. Sed dignissimos exercitationem omnis dolores dolores. Odit magnam quisquam tenetur enim alias. Velit voluptas enim voluptatem illo quis eos labore.',0,'2022-04-15 10:17:03','2022-04-15 10:17:03'),(70,45,'Alessandro Prohaska','Asperiores a non provident ipsa repellendus facere non distinctio. Id incidunt id beatae amet et ullam nihil. Laborum necessitatibus minus vel velit quam et nam. Officia sit ut unde nostrum omnis laborum consequatur soluta.',2,'2022-04-15 10:17:03','2022-04-15 10:17:03'),(71,49,'May Wiegand','Eligendi explicabo sit sequi suscipit dolor ut aut. Similique quam ipsa reiciendis dolorum. Aliquam et neque modi. Voluptatem illum nostrum odit aut optio aspernatur.',5,'2022-04-15 10:17:03','2022-04-15 10:17:03'),(72,34,'Veda Walsh','Magnam et ea eum deleniti occaecati quis. Atque dicta suscipit ratione ipsam et qui architecto nulla. Et in aut et.',4,'2022-04-15 10:17:03','2022-04-15 10:17:03'),(73,8,'Rosemary Kautzer','Aliquam libero autem velit. Eius vel nemo aut nisi molestiae voluptates commodi. Qui harum assumenda ab enim. Et molestiae sed est voluptas voluptatem hic eius.',5,'2022-04-15 10:17:03','2022-04-15 10:17:03'),(74,41,'Prof. Paige Bernier V','Quod asperiores perspiciatis asperiores. Iste rerum saepe ut accusamus ab repellendus soluta.',3,'2022-04-15 10:17:03','2022-04-15 10:17:03'),(75,41,'Louvenia Kulas','Veritatis velit vero quis qui est et. Id qui repudiandae eum hic. Ex voluptatibus nemo a error asperiores aliquid distinctio. Explicabo quia a necessitatibus asperiores expedita. Fugiat sunt labore aperiam nostrum.',1,'2022-04-15 10:17:03','2022-04-15 10:17:03'),(76,12,'Cecile Hessel','Repellendus voluptatem quia minus. Consequatur voluptatum tempore ullam reprehenderit in. Repudiandae qui culpa est consequatur molestiae vero voluptas. Numquam occaecati adipisci ut recusandae numquam aut culpa.',2,'2022-04-15 10:17:03','2022-04-15 10:17:03'),(77,21,'Guadalupe Jast','Cupiditate incidunt ullam velit reiciendis quis laborum quaerat. Est qui nemo vel voluptatem quaerat nihil. Libero eos minus laudantium est et repellendus. Adipisci non dolorum nesciunt dolor harum.',5,'2022-04-15 10:17:03','2022-04-15 10:17:03'),(78,15,'Alejandrin Douglas DVM','Sequi dolorum laudantium voluptatem quaerat. Harum modi vero illo neque necessitatibus molestiae rerum. Qui ipsum dicta at consequatur.',1,'2022-04-15 10:17:04','2022-04-15 10:17:04'),(79,15,'Carli Altenwerth','Placeat earum ut aut nemo et voluptatibus ipsum. Sunt odit provident eum enim nulla placeat maiores. Molestiae modi ipsum doloremque illum dolorem. Exercitationem minima sit aut sint non qui.',0,'2022-04-15 10:17:04','2022-04-15 10:17:04'),(80,6,'Tamara Dooley V','Exercitationem tempore quaerat consequatur et asperiores non. Tenetur qui quas aut mollitia modi in. Sequi sit quos quia id deleniti deserunt. Velit minus iure eaque repudiandae veritatis sapiente possimus iste.',5,'2022-04-15 10:17:04','2022-04-15 10:17:04'),(81,44,'Tristian Cruickshank V','Sunt voluptatum reprehenderit optio at beatae alias vero. Consectetur qui vitae officia at. Vero et ut culpa quis reiciendis quos numquam. Odit voluptas nostrum omnis et.',0,'2022-04-15 10:17:04','2022-04-15 10:17:04'),(82,1,'Cory Terry','Cumque mollitia aut eius totam nihil veritatis quas cumque. Earum omnis veritatis aut vel incidunt. Voluptatum molestiae corrupti deleniti magnam rerum perspiciatis ducimus debitis. Eligendi accusantium labore aperiam praesentium.',2,'2022-04-15 10:17:04','2022-04-15 10:17:04'),(83,7,'Kristin Bernier','Nihil eos error sed laboriosam et accusamus. Quia libero et praesentium quia et libero corporis. Minus alias ab eius atque molestiae voluptatem quia qui.',4,'2022-04-15 10:17:04','2022-04-15 10:17:04'),(84,5,'Litzy Reynolds MD','Molestiae nihil facilis beatae quia animi deleniti mollitia. Esse illo praesentium dolores et iusto saepe at hic. Et et eos sunt fuga accusamus cum voluptas eligendi.',4,'2022-04-15 10:17:04','2022-04-15 10:17:04'),(85,6,'Tyshawn Aufderhar II','Ex ipsa aut fuga. Est consequatur odio quam consequuntur rerum aperiam ut sit. Aut repudiandae consequatur est hic. Voluptatem vero hic vel tempore totam autem.',2,'2022-04-15 10:17:04','2022-04-15 10:17:04'),(86,20,'Ebony Daniel','Accusantium reprehenderit vero odit rerum quae expedita. Commodi odio magnam et quia. Qui quos nihil ea. Ut minus aut ducimus fuga voluptates molestiae.',1,'2022-04-15 10:17:04','2022-04-15 10:17:04'),(87,9,'Prof. Destin Leuschke','Sint iusto quam quis et. Voluptate vero saepe et consequuntur est. Voluptate corrupti accusamus voluptatem dolor tenetur occaecati fuga similique.',3,'2022-04-15 10:17:04','2022-04-15 10:17:04'),(88,46,'Alexandre Buckridge II','Aliquam a ut voluptatem porro quas. Aspernatur similique debitis aut maiores illum quod officia. Provident debitis iste nulla quia dolor.',1,'2022-04-15 10:17:04','2022-04-15 10:17:04'),(89,28,'Berniece Renner V','Minus qui natus quaerat neque consequatur. Est sed debitis rem eius fugiat. Qui quae nesciunt consequuntur atque recusandae voluptatum et.',1,'2022-04-15 10:17:04','2022-04-15 10:17:04'),(90,42,'Rory Wunsch','Illum sit eius sequi quibusdam aliquid. Qui odit eius dolores sequi. Esse earum voluptatem repudiandae qui sint quod.',2,'2022-04-15 10:17:04','2022-04-15 10:17:04'),(91,43,'Lonzo Trantow','Officia soluta excepturi tempore accusamus optio. Fugiat qui delectus harum cupiditate. Sit eum doloremque molestiae est.',4,'2022-04-15 10:17:04','2022-04-15 10:17:04'),(92,44,'Velma Muller IV','Molestiae ut aperiam quidem nihil quia voluptatem non tenetur. Provident distinctio officiis dolores sequi. Quidem minus quas aperiam cupiditate quis quia nostrum minima. Rerum rem neque a aut ut adipisci hic.',0,'2022-04-15 10:17:04','2022-04-15 10:17:04'),(93,23,'Dr. Bernard Streich Jr.','Explicabo ullam aut in eos aperiam. Ut corrupti voluptatem consectetur qui. Officiis praesentium quibusdam quos.',2,'2022-04-15 10:17:04','2022-04-15 10:17:04'),(94,39,'Dr. Kenny Fisher','Qui est facere sed laborum ut. Maiores quia ut vel laborum laudantium magni dolore iure. Reprehenderit animi quae magnam veritatis vitae ut non alias. Quisquam dolores et ab.',1,'2022-04-15 10:17:04','2022-04-15 10:17:04'),(95,5,'Freida Halvorson','Voluptate vel corrupti deserunt aut sit enim. Ad sed est nam quibusdam et. Ducimus sed id omnis ea.',5,'2022-04-15 10:17:04','2022-04-15 10:17:04'),(96,15,'Prof. Travis Batz','Et vitae odit eum voluptatum temporibus asperiores. Deleniti laudantium dolor et accusantium. Voluptate amet et ipsam.',5,'2022-04-15 10:17:04','2022-04-15 10:17:04'),(97,34,'Prof. Christopher Kertzmann MD','Omnis velit fugit dicta expedita nobis excepturi mollitia. Enim beatae iure repellendus ipsam excepturi. Nisi mollitia eos ut voluptas corrupti id. Dolore corrupti eos eligendi rerum iusto repellat atque. Voluptates eos eum quo dicta aut qui.',4,'2022-04-15 10:17:04','2022-04-15 10:17:04'),(98,17,'Ardith Willms','Ut nisi quia quia. A est labore et aut enim libero. Ut animi enim provident delectus aut quia.',4,'2022-04-15 10:17:04','2022-04-15 10:17:04'),(99,23,'Mervin Miller','Vitae quisquam a quia dolores voluptatum autem. Enim non dolor voluptatum assumenda. Ut deleniti eaque reiciendis animi.',4,'2022-04-15 10:17:04','2022-04-15 10:17:04'),(100,25,'Demond Heller','Nobis perferendis et perspiciatis quisquam ratione illum blanditiis. Minus facere facere aut vel. Cumque et atque in molestias.',3,'2022-04-15 10:17:04','2022-04-15 10:17:04'),(101,14,'Estel Dicki','Consequatur consequuntur quo sit qui qui at. Omnis nostrum sapiente officiis officiis hic tempore tempore maxime. Iure nulla odio esse qui et excepturi saepe.',3,'2022-04-15 10:17:04','2022-04-15 10:17:04'),(102,25,'Pinkie Wisoky','Vero laboriosam aut qui ratione autem excepturi. Ut quae est in autem laboriosam autem. Minus repudiandae id ex.',1,'2022-04-15 10:17:05','2022-04-15 10:17:05'),(103,40,'Mrs. Hertha Rice III','Vitae voluptas sunt aut fugiat. Voluptates voluptatem atque distinctio. Quas facilis quia quasi. Fuga aut laudantium laudantium aut aliquid.',2,'2022-04-15 10:17:05','2022-04-15 10:17:05'),(104,16,'Dayna Mayer','Sed ea eos amet consectetur omnis quam. Dolorem qui ratione molestias voluptatibus ratione explicabo est. Labore optio et alias ea quidem odit sapiente. Maxime quos est distinctio eaque nesciunt facere.',5,'2022-04-15 10:17:05','2022-04-15 10:17:05'),(105,34,'Prof. Rodrick Koelpin V','Qui ex eos non reiciendis neque est voluptas. Blanditiis sunt quo et dolorem autem aspernatur est nostrum. Placeat iste magni asperiores eaque. Atque voluptatibus asperiores doloribus aspernatur.',5,'2022-04-15 10:17:05','2022-04-15 10:17:05'),(106,8,'Vincenza Hettinger','Libero dolore dolor impedit ducimus est. Eius fugiat enim vitae et. Quam aut nam aliquam hic occaecati.',5,'2022-04-15 10:17:05','2022-04-15 10:17:05'),(107,42,'Elwin Hammes','Exercitationem atque dolorum rerum id perferendis. Recusandae vitae eum hic eos officiis commodi voluptatem.',3,'2022-04-15 10:17:05','2022-04-15 10:17:05'),(108,11,'Aidan Cassin IV','Repellendus dignissimos rem voluptatem praesentium. Libero odit est architecto rerum eligendi earum ea iste. Placeat qui deleniti cupiditate qui quae porro illo.',2,'2022-04-15 10:17:05','2022-04-15 10:17:05'),(109,11,'Miss Pattie Kiehn Sr.','Aut sed a est. Recusandae accusantium soluta dolorum suscipit incidunt voluptas similique optio. Quae sit maiores eligendi minus laudantium culpa. Consequatur et rem quidem repudiandae laudantium ut assumenda.',0,'2022-04-15 10:17:05','2022-04-15 10:17:05'),(110,47,'Miss Asia Kerluke','Aliquid expedita culpa iure vero veniam voluptates. Voluptas et qui vero. Quas iste praesentium consequatur voluptatum rerum numquam expedita.',3,'2022-04-15 10:17:05','2022-04-15 10:17:05'),(111,5,'Zetta Brakus','Ut et error cumque ut facere eum iusto. Ut reiciendis voluptatem laudantium eum facere vero unde.',5,'2022-04-15 10:17:05','2022-04-15 10:17:05'),(112,39,'Bernadette Pollich','Illum mollitia inventore laudantium ea animi. Accusantium sit reprehenderit autem pariatur debitis. Nemo dolores atque et expedita. Tempore quaerat necessitatibus est et ex eius.',3,'2022-04-15 10:17:05','2022-04-15 10:17:05'),(113,42,'Deven Lind','Ab dolorem voluptatem autem commodi odit aut quia. Iure velit sapiente minus sed culpa minus veritatis rerum. Ab odit voluptatem odit consequatur et soluta.',5,'2022-04-15 10:17:05','2022-04-15 10:17:05'),(114,23,'Prof. Alec Kreiger','Aliquam provident quibusdam provident ut velit quo. Excepturi harum consequuntur repellendus molestiae est recusandae. Quam error reiciendis porro consequatur repellendus enim expedita.',4,'2022-04-15 10:17:05','2022-04-15 10:17:05'),(115,20,'Tara Beatty','Necessitatibus sapiente distinctio quis et nisi. Provident nobis veniam quisquam corporis est sit hic. Saepe eius quas vel error nemo. Inventore similique suscipit necessitatibus autem cumque atque. Error minima temporibus totam culpa facilis.',1,'2022-04-15 10:17:05','2022-04-15 10:17:05'),(116,11,'Dr. Aleen Hyatt','In consectetur sit deleniti eveniet cumque aliquam praesentium optio. Qui atque deserunt sit nemo est. Sit est cum dignissimos dolorum vel. Doloribus placeat eveniet enim velit aliquam iusto.',0,'2022-04-15 10:17:05','2022-04-15 10:17:05'),(117,32,'Lionel Sanford','Tempora et voluptas magni autem quis. Iusto unde necessitatibus corrupti perspiciatis nobis quo. Eum quis fugiat iure praesentium sint corporis. Qui ratione perspiciatis vero id.',5,'2022-04-15 10:17:06','2022-04-15 10:17:06'),(118,35,'Maryam Doyle DVM','Cumque et vero optio vel exercitationem. Atque laboriosam qui adipisci atque.',3,'2022-04-15 10:17:06','2022-04-15 10:17:06'),(119,8,'Derick Block','Eum corporis dolore sunt omnis iusto eius qui. Quo quia veritatis et ducimus consectetur omnis. Modi enim natus eos aut recusandae magnam hic. Cumque officia eum corporis sequi nihil et non.',3,'2022-04-15 10:17:06','2022-04-15 10:17:06'),(120,12,'Noe Leuschke','Laborum culpa sed magni ex totam tempora dolorum. Aut ut quibusdam qui necessitatibus vel iure. Qui nemo cum quae non rerum cumque consectetur.',0,'2022-04-15 10:17:06','2022-04-15 10:17:06'),(121,43,'Camilla Wiza','Sunt consequatur dolorem maxime ipsum et aut modi consectetur. Odio tenetur quis facilis qui magnam veritatis. Et amet odio mollitia.',2,'2022-04-15 10:17:06','2022-04-15 10:17:06'),(122,37,'Luisa Brown PhD','Ut numquam quasi eveniet sed perferendis mollitia est debitis. Exercitationem non nulla quidem voluptatem dicta. Et consequatur nihil asperiores eligendi odit voluptas.',2,'2022-04-15 10:17:06','2022-04-15 10:17:06'),(123,11,'Duncan Ernser','Consequatur in unde exercitationem vel nemo. Incidunt vero magnam non non voluptate dolorum. Maiores et deleniti voluptatem hic et eum. Et natus quidem iure reprehenderit recusandae ullam animi.',0,'2022-04-15 10:17:06','2022-04-15 10:17:06'),(124,1,'Eloise Altenwerth','Officiis et doloremque inventore sunt sint perspiciatis totam ducimus. Eum autem fugit deserunt provident id. Qui nemo nihil atque asperiores consequatur numquam. Et vero accusantium sunt doloribus repellat voluptate blanditiis porro.',5,'2022-04-15 10:17:06','2022-04-15 10:17:06'),(125,13,'Elsa Bergnaum','Voluptatem unde voluptas nobis sunt illo beatae. Et quis quia sapiente quasi quo expedita. Qui et aut ratione veritatis. Sit eos molestiae accusamus rerum ut ea. Quo quia dolore est veniam provident.',5,'2022-04-15 10:17:06','2022-04-15 10:17:06'),(126,30,'Oscar Emmerich','Ullam laudantium rerum dolor rem quo ea. Et quo sunt eius sed voluptatem enim aspernatur. Ut enim blanditiis rerum cum.',2,'2022-04-15 10:17:06','2022-04-15 10:17:06'),(127,1,'Lane Gusikowski','Fugit omnis officia et sunt enim est hic. Autem consequuntur commodi rerum est. Rerum aliquid aut eos ad. Qui corrupti expedita enim magni ratione.',3,'2022-04-15 10:17:06','2022-04-15 10:17:06'),(128,28,'Susanna Fisher','Adipisci sapiente laboriosam id. At dolorum ut sit consequatur autem odio sunt.',5,'2022-04-15 10:17:06','2022-04-15 10:17:06'),(129,16,'Lorenz Wiegand','Quisquam ipsa qui vel et. Dolore et modi est. Explicabo iusto mollitia quos non minima magni. Deleniti quasi excepturi quisquam.',0,'2022-04-15 10:17:06','2022-04-15 10:17:06'),(130,28,'Lucio Senger','Dolorem earum dolorem magnam. Reprehenderit iusto ut dolorum sapiente enim. Qui nulla ab nihil harum. Non cum et voluptate aut qui.',1,'2022-04-15 10:17:06','2022-04-15 10:17:06'),(131,34,'Kaylie Jerde Jr.','Sed ratione exercitationem distinctio et at. Dolor dolores quisquam nostrum aliquid sed quibusdam. Dolores et dolorem porro.',1,'2022-04-15 10:17:06','2022-04-15 10:17:06'),(132,9,'Magnolia Kuhic Jr.','Dignissimos recusandae veritatis mollitia reiciendis. Vel minus velit debitis aliquam.',1,'2022-04-15 10:17:06','2022-04-15 10:17:06'),(133,14,'Dr. Zackery Kautzer','Soluta vero temporibus perspiciatis nisi aut incidunt. Ducimus dolorum quae vitae nisi ducimus consequatur. Vero voluptates nobis a ducimus quia consequatur beatae optio. In reprehenderit assumenda labore facere ut.',0,'2022-04-15 10:17:06','2022-04-15 10:17:06'),(134,43,'Meagan Rolfson DVM','Omnis consequuntur accusantium recusandae quia illo officiis deserunt iste. Iure nesciunt expedita non sequi. Id ex consequatur est dolores architecto iure. Dicta ut delectus nemo debitis.',2,'2022-04-15 10:17:06','2022-04-15 10:17:06'),(135,23,'Mr. Vincenzo Wolff','Commodi iusto quia possimus qui quisquam nemo. Sed possimus perferendis iure minima nobis placeat.',3,'2022-04-15 10:17:06','2022-04-15 10:17:06'),(136,23,'Kirsten Armstrong','Quam est eos possimus aut sit quidem sapiente. Quia repellendus voluptas aspernatur distinctio et laborum odio. Eligendi ad quo repellat incidunt quo. Aliquam ducimus explicabo est qui velit et.',1,'2022-04-15 10:17:07','2022-04-15 10:17:07'),(137,17,'Prof. Kylie Hahn','Vel est facere cupiditate aliquam distinctio iusto. Tempora excepturi sint impedit ab nihil tempore repudiandae. Omnis atque ut dignissimos et consequuntur magni molestiae dolorem.',5,'2022-04-15 10:17:07','2022-04-15 10:17:07'),(138,11,'Cali Upton PhD','Dolores fugit molestiae eaque velit atque vitae. Commodi placeat iste dignissimos voluptatem. Fuga esse in expedita id et.',4,'2022-04-15 10:17:07','2022-04-15 10:17:07'),(139,37,'Zackery Hill II','Cupiditate nulla dolor laborum quia nemo tempore. Aut voluptas in non quaerat dolor repellat sint. Velit et sed voluptatem voluptatem adipisci exercitationem aut facere. Dolorum sint voluptatum enim quia alias est.',2,'2022-04-15 10:17:07','2022-04-15 10:17:07'),(140,22,'Reginald Ferry','Nam nihil quos ut. Reprehenderit est accusamus porro. Dolorem iure at voluptatem odio at sit deserunt. Illum temporibus veritatis itaque sint ipsa.',0,'2022-04-15 10:17:07','2022-04-15 10:17:07'),(141,27,'Prof. Damien Connelly Sr.','Iure id et tempora dolore dolor. Velit quia at voluptatem corporis. Harum quisquam et ea qui dolor in.',3,'2022-04-15 10:17:07','2022-04-15 10:17:07'),(142,13,'Lorena Kerluke','Enim quod omnis consequatur dolorem praesentium qui rerum. A perspiciatis est qui aut eos velit consequatur. A voluptas sunt doloremque reprehenderit. Architecto sunt optio perferendis.',1,'2022-04-15 10:17:07','2022-04-15 10:17:07'),(143,10,'Gerard King','Molestiae voluptates vitae exercitationem eos quidem quis. Voluptates sint cupiditate voluptas sit. A aspernatur asperiores est minus nam aspernatur.',4,'2022-04-15 10:17:07','2022-04-15 10:17:07'),(144,44,'Merritt Ritchie','Voluptatibus quo possimus sed accusantium adipisci nam hic vitae. Dolorem cumque quam sapiente et quo hic. Quidem dicta consequatur sit non sint architecto.',4,'2022-04-15 10:17:07','2022-04-15 10:17:07'),(145,14,'Jerad McGlynn','Maiores quasi similique consectetur et culpa sit. Laborum minus et earum non. Repudiandae et quia minus. Architecto voluptatem alias sit ullam explicabo nihil tempora.',1,'2022-04-15 10:17:07','2022-04-15 10:17:07'),(146,31,'Melba Hane','Dolore ipsum esse itaque molestias harum vel ab. Amet natus accusamus non consectetur necessitatibus a dolores. Voluptas eos reiciendis et voluptas.',5,'2022-04-15 10:17:07','2022-04-15 10:17:07'),(147,14,'Fatima Rowe','Corrupti dolor sed quis fugit eum itaque illum. Voluptatem et nostrum eligendi consequuntur at. Pariatur ea veniam eum ea. Facilis alias beatae tenetur recusandae et.',4,'2022-04-15 10:17:07','2022-04-15 10:17:07'),(148,24,'Giovanni Parker','Ratione aut nulla vero ut inventore. Est doloribus eum deleniti itaque quos. Amet et quidem voluptatibus quia quo sit facere quia.',4,'2022-04-15 10:17:07','2022-04-15 10:17:07'),(149,4,'Dr. Otis Mosciski','Animi vel ut officiis et eos nihil. Rerum sit est expedita tenetur.',4,'2022-04-15 10:17:07','2022-04-15 10:17:07'),(150,3,'Bianka Lehner','Eaque sunt vel voluptas ut deleniti et. Laudantium sapiente dolor explicabo voluptas nulla. Sit et est qui cum dignissimos sed.',2,'2022-04-15 10:17:08','2022-04-15 10:17:08'),(151,50,'Vivien Prosacco','Nemo placeat ut voluptas laboriosam dolores neque vel. Quas tempora quibusdam asperiores debitis soluta non. Delectus inventore dignissimos ab quam quia molestias occaecati. Aut sint soluta sint eaque est aut.',3,'2022-04-15 10:17:08','2022-04-15 10:17:08'),(152,19,'Dortha Streich','Culpa ipsam qui qui laboriosam dolor. Et omnis inventore explicabo labore. Quaerat facilis perspiciatis ut dolorem.',3,'2022-04-15 10:17:08','2022-04-15 10:17:08'),(153,44,'Ms. Karine Watsica','Quo ut ea voluptatibus fugiat iste magni. Similique dolores est et facere qui repellendus consequuntur. Quas dolor sit dolore dolorem adipisci impedit.',5,'2022-04-15 10:17:08','2022-04-15 10:17:08'),(154,15,'Prof. Robb Hagenes III','Nobis mollitia nihil ipsum nemo. Molestias ut ab blanditiis officia. Sint voluptatem reiciendis rem laborum impedit minima. Et illo repellendus reprehenderit et reprehenderit.',1,'2022-04-15 10:17:08','2022-04-15 10:17:08'),(155,26,'Golden Senger','Quia quam adipisci blanditiis et debitis deserunt ea. Ducimus excepturi maxime veritatis. Maxime est et ex libero animi quia aut.',5,'2022-04-15 10:17:08','2022-04-15 10:17:08'),(156,29,'Janice Hegmann','Quae veritatis et dolores nihil dolorem autem maiores. Animi ducimus ipsa vel magnam architecto ut magni. Sequi nesciunt cumque totam et.',5,'2022-04-15 10:17:08','2022-04-15 10:17:08'),(157,49,'Gino Glover','Molestias tenetur id qui quo et. Voluptate eius aliquid iusto nostrum et. Beatae ea velit omnis voluptas saepe laboriosam tempora. Earum quas et harum dolore beatae.',3,'2022-04-15 10:17:08','2022-04-15 10:17:08'),(158,7,'Moriah Fay III','Quo est est impedit sunt repellat et voluptatibus. Neque quos sapiente natus optio modi pariatur. Corrupti aut totam dolore et laudantium pariatur aspernatur sint.',5,'2022-04-15 10:17:08','2022-04-15 10:17:08'),(159,36,'Melody Funk','Harum sed ad sunt consequatur. Nihil dolorem quidem est doloremque. Et sequi id ea corporis. Explicabo quia aperiam quos ut culpa enim ducimus.',1,'2022-04-15 10:17:08','2022-04-15 10:17:08'),(160,48,'Ms. Polly Tromp Jr.','Odit pariatur autem rerum doloribus praesentium natus. Dolorum eligendi sint et a rem doloribus architecto. Laborum eaque voluptatem a in tempore vitae. Sapiente ratione deleniti eligendi dolorem sapiente adipisci et autem. Hic nam enim odio nihil non.',4,'2022-04-15 10:17:08','2022-04-15 10:17:08'),(161,8,'Mitchel McKenzie','Quas sunt vel quos quod. Dolore quos quis reprehenderit nihil architecto itaque repellat. Ipsum quis velit repellendus et. Aliquam mollitia vel cumque impedit magni dolores.',5,'2022-04-15 10:17:08','2022-04-15 10:17:08'),(162,34,'Bobby Quigley','Nam labore veritatis voluptatem dolorem amet error voluptas dolore. Amet assumenda quo esse et debitis dignissimos quas. Ipsa aut et iste ullam odio.',2,'2022-04-15 10:17:08','2022-04-15 10:17:08'),(163,38,'Wanda Emard','Molestias sed impedit nihil. Perspiciatis minus distinctio autem alias maxime numquam. Consectetur velit enim dolorem quaerat sint distinctio ipsa id. Necessitatibus cum placeat vel aut.',5,'2022-04-15 10:17:08','2022-04-15 10:17:08'),(164,22,'Nella Mraz DDS','Quisquam sit enim dolor magni sed quia cupiditate. Sint aut laudantium sit et tempore doloremque non. Rerum consequuntur rerum commodi fugiat porro soluta.',0,'2022-04-15 10:17:08','2022-04-15 10:17:08'),(165,34,'Alana Reichert','Quia nam voluptatem enim sit veniam veniam quam. Tempore omnis nobis et ut suscipit.',0,'2022-04-15 10:17:08','2022-04-15 10:17:08'),(166,14,'Macy Fritsch','Consequuntur officia dolor dolore. Molestias est sit quos et beatae omnis.',4,'2022-04-15 10:17:08','2022-04-15 10:17:08'),(167,45,'Eda DuBuque','Repudiandae fugiat est ipsum non. Rerum dolor suscipit quod. Repudiandae quos consectetur vitae sit quis non est pariatur. Nam esse maxime odit nesciunt.',3,'2022-04-15 10:17:08','2022-04-15 10:17:08'),(168,38,'Zion McDermott DDS','Natus distinctio et adipisci velit. Exercitationem quo qui est nobis occaecati. Architecto est in aut vel. Adipisci ipsam reiciendis et.',1,'2022-04-15 10:17:08','2022-04-15 10:17:08'),(169,23,'Mr. Jerad Champlin','Exercitationem fuga dolorum et quam neque. Non voluptatibus et sed recusandae voluptas. Dignissimos ipsam sunt repellendus aliquam suscipit ullam ab. In hic distinctio laborum.',4,'2022-04-15 10:17:08','2022-04-15 10:17:08'),(170,16,'Ibrahim Rodriguez','Doloremque necessitatibus porro molestiae non necessitatibus in laborum. Reiciendis in qui cupiditate tenetur. Sit consequuntur aperiam delectus et non. Suscipit molestiae autem cupiditate et optio.',4,'2022-04-15 10:17:08','2022-04-15 10:17:08'),(171,34,'Jayson Christiansen','Hic consectetur praesentium sit. Explicabo error impedit tempora ad beatae officia. Voluptas aut fugit modi adipisci. A autem facere ab molestias.',0,'2022-04-15 10:17:08','2022-04-15 10:17:08'),(172,34,'Kyle Tromp','Possimus saepe aut voluptatibus non voluptatibus. Magni quia itaque facilis eligendi libero. Ipsum reprehenderit reprehenderit modi necessitatibus est sit.',2,'2022-04-15 10:17:08','2022-04-15 10:17:08'),(173,28,'Dr. Preston Jacobi DDS','Illum qui voluptatum distinctio maiores voluptatem maxime. Blanditiis tempora est itaque eum quo. Quia sint eius qui eius et nihil natus. Qui assumenda eos amet quo non nostrum soluta id.',4,'2022-04-15 10:17:08','2022-04-15 10:17:08'),(174,5,'Eloise Treutel PhD','Et rem maxime laudantium suscipit. Quam voluptatem et impedit nesciunt eligendi exercitationem dolorum veritatis. Velit voluptatem ullam animi voluptate ea et.',3,'2022-04-15 10:17:09','2022-04-15 10:17:09'),(175,43,'Joey Smith','Explicabo est est praesentium eum omnis. Quia eos neque tempore fugit. Soluta quam neque molestias non placeat natus voluptas.',0,'2022-04-15 10:17:09','2022-04-15 10:17:09'),(176,26,'Odessa Borer','Eius et soluta cupiditate magni id ducimus. Eveniet tempora occaecati consequatur magnam recusandae. Animi quas velit itaque est quam aut ab unde.',4,'2022-04-15 10:17:09','2022-04-15 10:17:09'),(177,11,'Mathilde Kub','Totam numquam fuga earum ipsum aspernatur. Aut quis velit sit provident impedit perferendis neque. Quaerat et blanditiis iusto quia perspiciatis. Nesciunt dignissimos incidunt qui quibusdam cum.',0,'2022-04-15 10:17:09','2022-04-15 10:17:09'),(178,16,'Dr. Rod Weissnat','Necessitatibus tenetur eveniet possimus. In autem ut consequatur neque.',4,'2022-04-15 10:17:09','2022-04-15 10:17:09'),(179,16,'Clay Stokes','Ut perspiciatis dolor magnam qui et quia. Ea dolorum dignissimos tempora autem hic eius deserunt.',0,'2022-04-15 10:17:09','2022-04-15 10:17:09'),(180,48,'Verna Reynolds','Officia quo aut dolor aut accusantium accusantium. Laborum corporis quia reprehenderit assumenda veritatis nemo. Qui ullam rem amet ab sunt voluptatem.',2,'2022-04-15 10:17:09','2022-04-15 10:17:09'),(181,11,'Merle Sipes','Dicta quas dignissimos ad voluptatem omnis. Voluptatibus quaerat beatae harum placeat et consequatur. Tenetur culpa corrupti assumenda odio aut maiores ex.',2,'2022-04-15 10:17:10','2022-04-15 10:17:10'),(182,27,'Dr. Adeline Frami','Et magni nemo quos. Soluta laborum velit ad quia vel. Ipsam est quasi facere saepe ipsam. Quia sit molestiae reprehenderit dignissimos eos eos itaque consectetur.',1,'2022-04-15 10:17:10','2022-04-15 10:17:10'),(183,43,'Casper Ledner','Illum qui ducimus aut nihil. Quia aut iure tenetur veniam neque. Blanditiis aperiam excepturi assumenda harum itaque quia explicabo.',5,'2022-04-15 10:17:10','2022-04-15 10:17:10'),(184,37,'Hugh Collier DVM','Ut facere architecto dolores dolores voluptatum deleniti. Ipsum deserunt exercitationem qui porro placeat. Repellendus qui quae commodi. Unde natus est possimus non quos et tempora.',2,'2022-04-15 10:17:10','2022-04-15 10:17:10'),(185,46,'Modesto Heathcote','Et incidunt fugiat magni quos ad. Omnis et sit quo possimus iste atque. Officiis voluptatum quo soluta. Voluptate impedit est aliquid ut labore.',0,'2022-04-15 10:17:10','2022-04-15 10:17:10'),(186,11,'Dr. Loy Kessler','Quasi modi in nobis expedita. Dolorem sit autem id nostrum assumenda commodi. Eos atque iste et eligendi eum. Maxime autem temporibus expedita similique fuga aliquid et.',1,'2022-04-15 10:17:10','2022-04-15 10:17:10'),(187,13,'Monte Schaefer','Eum aperiam corrupti consequatur. Rerum impedit totam vitae eius sunt.',0,'2022-04-15 10:17:10','2022-04-15 10:17:10'),(188,27,'Antonia Cartwright','Illum a labore repudiandae. Et omnis quas velit voluptas. Ut ipsum eius tempora deleniti qui repellat ut.',0,'2022-04-15 10:17:10','2022-04-15 10:17:10'),(189,14,'Tomas Brekke','Doloremque numquam quae sed eligendi doloremque facilis. Aliquam eos et ipsa doloribus voluptas facilis tempora. Ratione voluptates dolores cum corrupti omnis est et et. Quaerat omnis explicabo eos id.',0,'2022-04-15 10:17:10','2022-04-15 10:17:10'),(190,45,'Miss Mandy Cassin Jr.','Amet rerum iusto eos sint magnam eligendi blanditiis. Vel neque architecto ut qui. Explicabo ex harum et et architecto quis dolorem.',3,'2022-04-15 10:17:10','2022-04-15 10:17:10'),(191,17,'Paula Morissette','Libero numquam enim dolor deserunt. Exercitationem eius et odit expedita aliquam. Aperiam ut molestias dolores voluptas eos. Corporis non voluptas libero facere. Officiis molestiae excepturi voluptatem sunt sed ut sit.',2,'2022-04-15 10:17:10','2022-04-15 10:17:10'),(192,49,'Ms. Sonia Rohan Jr.','Iusto quos in aut expedita exercitationem. Consequatur quae libero deserunt consequatur assumenda a expedita labore. Vel in fuga dolor.',5,'2022-04-15 10:17:10','2022-04-15 10:17:10'),(193,43,'Sanford Kuhlman IV','Eveniet qui eum repudiandae ex repellat rerum. Dolorem omnis similique rerum officiis autem necessitatibus. Reprehenderit non qui aperiam ut dignissimos. Magnam assumenda minus assumenda nulla voluptas debitis dicta sapiente.',4,'2022-04-15 10:17:10','2022-04-15 10:17:10'),(194,30,'Eusebio Thompson','Rem illo iusto non et. Voluptatibus inventore ut ipsa sint voluptatem tempora. Quibusdam dolorem odio voluptate omnis. Sapiente doloribus ex eos consequatur cupiditate velit.',4,'2022-04-15 10:17:10','2022-04-15 10:17:10'),(195,6,'Otho Kris','Et recusandae quas sint. Neque eum deserunt cumque qui. Sit voluptas quas laboriosam sed molestiae ducimus esse.',0,'2022-04-15 10:17:10','2022-04-15 10:17:10'),(196,8,'Ms. Cristal Mueller','Omnis rem dolorem ut velit eos harum quis. Et minima voluptatem dolorem dolor odio dolor totam. Iusto ut aspernatur ea maxime.',4,'2022-04-15 10:17:10','2022-04-15 10:17:10'),(197,49,'Carleton Keeling','Aut expedita ut voluptatem corporis sit. Enim esse pariatur non magnam. Autem asperiores commodi voluptates sit quasi cupiditate.',0,'2022-04-15 10:17:10','2022-04-15 10:17:10'),(198,26,'Clemmie Gaylord','Ex inventore repudiandae doloribus et assumenda. Dolores explicabo est quos dolorem voluptatibus vitae eius.',5,'2022-04-15 10:17:10','2022-04-15 10:17:10'),(199,33,'Ernest Hermiston','Nobis quidem sit et facilis. Vero est placeat corrupti et sit. Consequatur nobis adipisci non ducimus non minus aut.',1,'2022-04-15 10:17:10','2022-04-15 10:17:10'),(200,39,'Dr. Jace Schumm III','Odit neque laudantium esse consequatur sit. Dolorem itaque rerum occaecati et voluptas non et sint. Quia provident harum et aliquam quasi sunt error. Qui iure qui quia dolorum inventore quo quisquam. Illum qui accusantium ut labore ipsa perferendis.',3,'2022-04-15 10:17:10','2022-04-15 10:17:10'),(201,18,'Dr. Norwood Bartoletti','Voluptatem qui quibusdam repudiandae reprehenderit facilis in officia. Voluptas dicta itaque culpa.',3,'2022-04-15 10:17:10','2022-04-15 10:17:10'),(202,7,'Fidel Beatty','Repudiandae exercitationem dolor sed officiis vel. Magnam animi fugit sit qui eligendi et qui.',4,'2022-04-15 10:17:10','2022-04-15 10:17:10'),(203,34,'Prof. Mohamed Bahringer DVM','Debitis nesciunt voluptas recusandae eos ex sed. Aliquid quae expedita ipsa hic ullam minima nihil officia. Dolores quisquam maiores voluptatem enim facilis cupiditate.',4,'2022-04-15 10:17:10','2022-04-15 10:17:10'),(204,30,'Marcellus Rice DDS','Consequatur sit omnis at soluta. Et provident velit amet quis et ex. Explicabo maiores modi praesentium est quod veritatis cupiditate atque.',1,'2022-04-15 10:17:10','2022-04-15 10:17:10'),(205,2,'Phyllis Wehner','Quaerat libero nostrum eius aut. Natus quis non quia aspernatur et qui. Aliquam blanditiis enim officiis voluptatem minus nobis. Animi quam ut fugit excepturi maxime iure et aliquam.',0,'2022-04-15 10:17:10','2022-04-15 10:17:10'),(206,34,'Willard Welch','Maxime voluptate atque dolorem doloremque autem autem. Quia tempora dolorum animi rerum natus. Itaque qui voluptatem cumque officiis sed vel eos. Quia fugiat aut est nihil rerum quidem.',5,'2022-04-15 10:17:10','2022-04-15 10:17:10'),(207,16,'Providenci Sawayn I','Occaecati nesciunt non dolore ad possimus dolorem. Qui consectetur itaque inventore ipsum et dolorum. Debitis rerum iste qui dolores quidem veritatis.',2,'2022-04-15 10:17:11','2022-04-15 10:17:11'),(208,33,'Prof. Carolyne Mohr','Non fuga rerum quas consectetur. At qui quod quia facilis sit nisi sequi. Nesciunt architecto repellat sit.',2,'2022-04-15 10:17:11','2022-04-15 10:17:11'),(209,7,'Crawford Jacobson','Iusto ad molestias ut consequatur amet doloribus. Reiciendis corporis quam dolor eos. Nisi porro repudiandae tenetur voluptates incidunt nostrum sequi. Et praesentium corporis sit.',0,'2022-04-15 10:17:11','2022-04-15 10:17:11'),(210,38,'Mrs. Mariela Donnelly DVM','Quia eaque dolor quis dolores est nostrum nulla. Deleniti omnis ut sit et et reprehenderit ratione. Voluptates ut vitae expedita est consequatur natus. Sed laboriosam porro quis qui inventore.',0,'2022-04-15 10:17:11','2022-04-15 10:17:11'),(211,28,'Mr. Ignacio Kirlin','Quo ex sed dolores. Et incidunt est dolore repellat. Ipsa est consectetur molestias qui aliquid accusamus temporibus. Qui porro assumenda qui sit et.',1,'2022-04-15 10:17:11','2022-04-15 10:17:11'),(212,47,'Miss Shanny Reichert V','A perferendis delectus occaecati aut maxime modi exercitationem. Est et odit rem voluptate. Repudiandae ratione voluptate ratione soluta impedit quo. Natus necessitatibus odio mollitia. Facere hic praesentium voluptas molestias consectetur.',3,'2022-04-15 10:17:11','2022-04-15 10:17:11'),(213,31,'Tate Cartwright','Porro dolore labore in nihil. Suscipit quis labore cumque nulla natus aspernatur dolorum. Impedit eaque deserunt et eum tempora ut dolorem. Dolores ut eum officiis eum facilis officiis.',3,'2022-04-15 10:17:11','2022-04-15 10:17:11'),(214,26,'Rubye Morissette','Accusantium aliquid illo voluptate quisquam molestiae quia sed quisquam. Itaque nihil quia repudiandae cumque in sed qui. Dolores quisquam hic nulla et. Perspiciatis iure excepturi consequuntur dolore optio mollitia et sit.',1,'2022-04-15 10:17:11','2022-04-15 10:17:11'),(215,3,'Calista Lemke IV','Sequi esse earum a saepe. Consequatur distinctio illo delectus praesentium suscipit eos. Sunt optio quis excepturi aut.',0,'2022-04-15 10:17:11','2022-04-15 10:17:11'),(216,39,'Marianna Tillman','Amet nihil illum vitae nesciunt quia quidem quam. Dolorem cum nesciunt accusamus atque explicabo. Et laudantium expedita vero veniam ut quo dolores. Adipisci quas saepe omnis sunt quae ad id.',1,'2022-04-15 10:17:11','2022-04-15 10:17:11'),(217,24,'Prof. Ana Witting Jr.','Excepturi hic eaque magni optio reiciendis officiis. Quo repudiandae praesentium vel sit dicta. Placeat eaque esse repudiandae aliquid dolore.',5,'2022-04-15 10:17:11','2022-04-15 10:17:11'),(218,11,'Dr. Cletus Blanda IV','Nulla consequatur et porro debitis. Praesentium tempore deleniti sapiente eos quam. Eveniet eos consequuntur dolore rem vero consequatur labore. Reprehenderit minima voluptatibus quibusdam placeat iure.',5,'2022-04-15 10:17:11','2022-04-15 10:17:11'),(219,26,'Ms. Margaretta Pagac','Sunt dolor unde possimus ullam necessitatibus amet veniam. A excepturi eos earum impedit id modi. Est saepe qui sed soluta et amet.',5,'2022-04-15 10:17:11','2022-04-15 10:17:11'),(220,50,'Mrs. Rae Marks V','Maiores in neque nemo repellat doloremque sint molestiae. Est quam omnis quae at ipsa dolor et. Earum officiis omnis veniam repudiandae. Beatae voluptas corrupti est.',2,'2022-04-15 10:17:11','2022-04-15 10:17:11'),(221,1,'Gavin Stiedemann','Illum non ipsa et at voluptates reiciendis. Consequuntur amet placeat pariatur ea consequuntur dolore. Qui doloremque minus sunt quasi explicabo odit. Iure quia in quo. Et et labore ut et totam et officiis.',1,'2022-04-15 10:17:11','2022-04-15 10:17:11'),(222,33,'Susan Wilkinson','Inventore a nihil officiis aperiam omnis. Aut sed et qui explicabo. Voluptas rem aut suscipit temporibus. Debitis et doloremque reiciendis nesciunt eaque autem consectetur.',2,'2022-04-15 10:17:11','2022-04-15 10:17:11'),(223,34,'Jamaal Gottlieb','Incidunt harum est quam impedit commodi enim. Et nostrum maxime mollitia fugiat ut neque deserunt rerum. Qui tempora sunt animi nesciunt.',2,'2022-04-15 10:17:11','2022-04-15 10:17:11'),(224,23,'Sigurd Rogahn','Blanditiis excepturi inventore rerum quia sed autem magnam mollitia. Voluptates et ut sapiente optio deserunt rerum. Nemo doloremque assumenda architecto quia corporis. Reprehenderit repellat consequatur et pariatur consectetur nostrum dolorem.',5,'2022-04-15 10:17:11','2022-04-15 10:17:11'),(225,3,'Dr. Ransom Kris','Deserunt repellendus numquam vel maiores. Dicta numquam debitis sunt excepturi et asperiores. Ipsam error placeat delectus voluptas amet. Vitae nihil voluptas assumenda quo voluptatem aperiam nostrum doloribus.',1,'2022-04-15 10:17:11','2022-04-15 10:17:11'),(226,18,'Thurman Schroeder','Voluptas perspiciatis excepturi voluptas ratione vel voluptatem quam. Dolorem et et et expedita.',4,'2022-04-15 10:17:11','2022-04-15 10:17:11'),(227,33,'Patrick Powlowski','Aut in facilis assumenda. Quidem omnis sed eveniet saepe fuga. Quas quos ut alias omnis voluptas nulla reprehenderit eveniet.',3,'2022-04-15 10:17:11','2022-04-15 10:17:11'),(228,32,'Dr. Candace Mraz','Voluptates quisquam ut labore aut sequi et. Quibusdam qui mollitia nobis sunt non labore quam. Recusandae consequatur sed quam ut ut autem quidem aliquam. Asperiores ex et maxime praesentium.',2,'2022-04-15 10:17:11','2022-04-15 10:17:11'),(229,5,'Amari Reilly','Id at magnam quaerat fuga. Modi eveniet sint eos consequatur non nobis.',2,'2022-04-15 10:17:12','2022-04-15 10:17:12'),(230,29,'Kailey Stark','Sit vitae impedit modi molestiae numquam. Omnis voluptas rem aliquid est deleniti animi deserunt. Saepe eaque minus rerum in aliquam deleniti.',2,'2022-04-15 10:17:12','2022-04-15 10:17:12'),(231,24,'Tommie Hettinger III','Molestiae sint quae doloremque consectetur eligendi illum. Neque et aperiam autem. Ex suscipit id ullam porro officiis repudiandae quo. Voluptatem aliquid molestiae vel est et.',0,'2022-04-15 10:17:12','2022-04-15 10:17:12'),(232,18,'Ubaldo Gerlach','Maxime dolore sit qui quasi facere pariatur et distinctio. Commodi ut aut et delectus est. Consequatur nostrum quia consectetur.',5,'2022-04-15 10:17:12','2022-04-15 10:17:12'),(233,33,'Miss Ivory Prohaska','Doloremque sint provident consectetur. Debitis voluptatem autem nisi. Praesentium facere voluptates ut praesentium quo. Tempora omnis nihil dolorem neque molestiae pariatur deserunt sed.',4,'2022-04-15 10:17:12','2022-04-15 10:17:12'),(234,44,'Cynthia Satterfield','Sint omnis quaerat est nobis. Enim ut explicabo similique autem aut est. Maiores neque sunt dolores maxime ducimus eum nesciunt. Dolores et eligendi ut similique et nihil recusandae animi.',0,'2022-04-15 10:17:12','2022-04-15 10:17:12'),(235,16,'Ms. Zoe Gusikowski','Sint consequuntur officia et. Expedita eum omnis rem impedit. Voluptatem cumque ipsum deserunt ad. Dolorem ut ea aut modi sed doloremque.',3,'2022-04-15 10:17:12','2022-04-15 10:17:12'),(236,15,'Prof. Angelina White','Minima nihil dolor ullam harum. Voluptatibus dolores qui sint eaque vitae dolor est. Autem suscipit dolor error reiciendis.',4,'2022-04-15 10:17:12','2022-04-15 10:17:12'),(237,43,'Anita Spencer','Voluptas quibusdam quo est labore. At reprehenderit ut ut rerum. Tenetur ex atque doloremque. Minima eos sed dolorem provident optio. Laboriosam error ratione ratione enim.',4,'2022-04-15 10:17:12','2022-04-15 10:17:12'),(238,49,'Dr. Alf Schaden IV','Perferendis enim tempora quaerat et sit molestias error temporibus. Explicabo ipsum dolor quia nesciunt ea cumque. Et tempora consequatur qui quis voluptas non animi reprehenderit. Est corrupti quia cum id sed placeat.',0,'2022-04-15 10:17:12','2022-04-15 10:17:12'),(239,9,'Eryn Runolfsdottir','Minima aut eius accusamus in. Deleniti perferendis repellat in aut voluptates eum cupiditate. Aspernatur consequuntur omnis nisi quisquam.',3,'2022-04-15 10:17:12','2022-04-15 10:17:12'),(240,39,'Archibald Sporer','Non doloremque consequatur non ex repellendus distinctio perspiciatis. Omnis at rerum vel rerum sunt. Qui velit est tempora quis sed alias. Libero magnam est sunt occaecati placeat sit iusto.',3,'2022-04-15 10:17:12','2022-04-15 10:17:12'),(241,44,'Arlo Borer III','Eum nihil est et nam. Placeat magni repellat voluptas vel eveniet. Ipsam eaque nulla consequatur consequatur. Ut voluptas harum praesentium molestiae et pariatur ex.',2,'2022-04-15 10:17:12','2022-04-15 10:17:12'),(242,18,'Larue Murray','Voluptas non dolores voluptatem tempore exercitationem facere. Libero in commodi possimus. Quia cumque molestias nemo non aut quos beatae. Cum ut minima dicta voluptatem.',3,'2022-04-15 10:17:12','2022-04-15 10:17:12'),(243,28,'Dr. Agustin Weber V','Aut velit sed et ea. Quaerat maiores qui et ut. Debitis praesentium consequatur excepturi temporibus. Ut dolores esse non eos aliquam error delectus.',3,'2022-04-15 10:17:12','2022-04-15 10:17:12'),(244,27,'Johnpaul Abbott','Odit id voluptas in vitae vel ad sint. Est voluptates dolores iste quos doloribus sapiente nemo dolores. Et ut sit et pariatur et ut beatae. Hic perspiciatis in voluptas explicabo ad adipisci quas.',2,'2022-04-15 10:17:12','2022-04-15 10:17:12'),(245,33,'Walter Beahan','Et est impedit et. Impedit et id iure maxime. Mollitia totam et blanditiis quam dolorem.',0,'2022-04-15 10:17:12','2022-04-15 10:17:12'),(246,35,'Ethan Bechtelar MD','Officia similique sapiente eum dignissimos quia. Dignissimos iste velit libero id commodi esse temporibus tempore. Fugit aliquam modi quas assumenda. Rerum nisi enim totam aperiam quo. Atque itaque dicta autem distinctio saepe voluptatem excepturi.',1,'2022-04-15 10:17:12','2022-04-15 10:17:12'),(247,30,'Lisa Cole','Ut nobis consequatur rerum et ut. Ea voluptatem magnam dolores debitis rerum magnam. Nisi pariatur aut ut est. Et necessitatibus rerum temporibus sequi nihil quia.',4,'2022-04-15 10:17:12','2022-04-15 10:17:12'),(248,45,'Alec Jacobi','Illum architecto non rerum dicta harum. Dolor nisi perspiciatis reiciendis magnam numquam dolores. Voluptatum cum voluptas aut vero. Repudiandae pariatur placeat inventore modi.',5,'2022-04-15 10:17:12','2022-04-15 10:17:12'),(249,10,'Prof. Braden Willms II','Sit autem minima est sunt sed accusantium qui. Ratione non totam consectetur necessitatibus et est praesentium. Nemo laborum quos iste aliquid rerum perferendis eos veritatis. Reprehenderit ullam quae quae illum aperiam inventore.',1,'2022-04-15 10:17:12','2022-04-15 10:17:12'),(250,33,'Madelynn Bruen','Harum omnis quo deleniti saepe aliquid excepturi. Atque rerum ut ab consequuntur vitae possimus. Vitae pariatur sit iste est. Et est quam non explicabo id ad voluptas.',2,'2022-04-15 10:17:12','2022-04-15 10:17:12'),(251,36,'Nadia Kovacek','Rem non voluptates quis minus occaecati voluptatem dolorum. Aut quia amet hic voluptate consequatur dolorem autem. Enim ut quasi nam.',0,'2022-04-15 10:17:12','2022-04-15 10:17:12'),(252,47,'Abelardo Dare','Quia magni tempora sunt quam vero optio. Inventore aut non consectetur placeat qui ipsum accusantium. Distinctio porro vero itaque ut. Tempora labore fugiat reiciendis consequatur enim.',5,'2022-04-15 10:17:13','2022-04-15 10:17:13'),(253,13,'Mrs. Katelynn Rodriguez','Voluptatum magnam qui et. Repellendus sequi et neque qui architecto quia aliquam. Accusantium delectus adipisci qui non dolore.',4,'2022-04-15 10:17:13','2022-04-15 10:17:13'),(254,25,'Orland Cremin','Deleniti eaque repudiandae modi enim et voluptas aut nihil. Saepe molestiae at rerum velit occaecati quia. Qui dolor omnis sunt tempora tempore.',2,'2022-04-15 10:17:13','2022-04-15 10:17:13'),(255,11,'Neha Dare','Assumenda ullam atque vel libero voluptatum nulla ipsam. Voluptatibus quo saepe eum occaecati alias et rerum. Enim voluptatibus enim laborum adipisci nihil facere quasi. Eligendi quae sed libero rerum voluptate.',1,'2022-04-15 10:17:13','2022-04-15 10:17:13'),(256,26,'Dr. Luisa Leuschke DDS','Praesentium iusto inventore maiores aut qui asperiores reprehenderit voluptas. Facere et aperiam itaque harum et. Dolor odit maiores aspernatur. Quis deleniti qui consequatur ut.',4,'2022-04-15 10:17:13','2022-04-15 10:17:13'),(257,27,'Katelin Blanda MD','Enim enim dolor quo architecto aperiam accusamus quisquam sequi. Nihil et voluptatum eligendi vel modi nam. Ipsum odio possimus vel ducimus repudiandae placeat omnis.',4,'2022-04-15 10:17:13','2022-04-15 10:17:13'),(258,13,'Abagail Mann I','Rerum dolorum est nulla vel. Et voluptate necessitatibus magni error et aliquam laborum. Et sunt voluptatibus molestias repudiandae nulla eum aliquam.',4,'2022-04-15 10:17:13','2022-04-15 10:17:13'),(259,10,'Mr. Gene Senger','Et dolor consequatur praesentium eum illo. Eveniet vitae molestias quidem sint quos sed. Itaque architecto et labore ab velit eum et provident.',3,'2022-04-15 10:17:13','2022-04-15 10:17:13'),(260,44,'Kassandra Hane','Molestias voluptatum voluptatem temporibus ea similique aut. Omnis odio nemo repellat. Est vel corporis et. Ab ea nemo quia quas sit. Nam culpa ut est alias.',2,'2022-04-15 10:17:13','2022-04-15 10:17:13'),(261,33,'Mr. Carlo Hartmann III','Nihil quia doloribus sequi harum. Hic doloribus distinctio cupiditate delectus sed. Eius ut tempora facilis aspernatur omnis. Vel quo suscipit aliquid beatae facere.',4,'2022-04-15 10:17:13','2022-04-15 10:17:13'),(262,17,'Mrs. Delilah Lang IV','Consectetur voluptatum velit temporibus veniam sapiente laboriosam deserunt. Nobis vel temporibus sed et enim quia. Esse dolor totam corrupti fugiat aut.',1,'2022-04-15 10:17:13','2022-04-15 10:17:13'),(263,12,'Ashley Mosciski','Et eum omnis ut consequuntur. Sit natus odio consequatur dolore. Libero quae ratione doloribus aut. Architecto ipsam voluptatum quo reprehenderit est expedita et.',5,'2022-04-15 10:17:13','2022-04-15 10:17:13'),(264,4,'Morris Mohr','Omnis quas aliquam saepe odio porro. Natus praesentium et aut quis ut dolore.',2,'2022-04-15 10:17:13','2022-04-15 10:17:13'),(265,39,'Mrs. Antonette Murray','A aliquid voluptatem similique beatae architecto odit sit. Vero officiis molestiae sapiente. Enim perspiciatis odio a. Natus numquam accusamus qui dolorem.',5,'2022-04-15 10:17:13','2022-04-15 10:17:13'),(266,19,'Pete Willms','Commodi sint quis dignissimos vel id. Assumenda voluptas rem a ea dolorem omnis. Laudantium nesciunt aut quisquam. Ut recusandae veritatis odio beatae labore sit.',4,'2022-04-15 10:17:13','2022-04-15 10:17:13'),(267,35,'Felipe Kessler','Mollitia ut est omnis enim ut aut nesciunt magni. Qui nihil possimus sunt minus nam quos sequi blanditiis. Qui aut voluptas et. Et voluptatem ab quod itaque.',5,'2022-04-15 10:17:13','2022-04-15 10:17:13'),(268,22,'Dena Kshlerin','Qui architecto impedit sunt deserunt temporibus sed voluptates. Fuga quis ex ullam maiores quis. Laboriosam eum soluta occaecati qui.',2,'2022-04-15 10:17:13','2022-04-15 10:17:13'),(269,50,'Buck Kuphal DDS','Mollitia autem omnis reprehenderit natus officiis qui sed. Quasi modi necessitatibus recusandae asperiores sequi aspernatur eaque. In pariatur quae rem iusto dolorem suscipit sint est. Non est dolorem officia dolorum temporibus adipisci laudantium et.',3,'2022-04-15 10:17:13','2022-04-15 10:17:13'),(270,43,'Robin Schiller IV','Consequatur veniam non perferendis. Nihil modi delectus omnis expedita nulla. Ipsa qui ullam ut qui quia. Natus dolor aliquam et et veniam velit tempore.',1,'2022-04-15 10:17:13','2022-04-15 10:17:13'),(271,24,'Prof. Rowena Volkman','Recusandae nihil quasi eaque unde temporibus eaque. Incidunt a et adipisci et. Tempore cupiditate molestiae et laudantium. Nobis voluptate eos sit consequatur officiis officia quia.',2,'2022-04-15 10:17:13','2022-04-15 10:17:13'),(272,7,'Neva Bernier','Tenetur dicta ratione quo nesciunt. Eos quos repellat et quo nesciunt soluta.',5,'2022-04-15 10:17:13','2022-04-15 10:17:13'),(273,44,'Prof. Florence Lowe','Omnis distinctio molestias enim magni nemo aut. At aut harum consequatur sed suscipit. Consequuntur velit aspernatur ullam temporibus aut dolorem autem. Natus veritatis sint error distinctio dolores.',0,'2022-04-15 10:17:14','2022-04-15 10:17:14'),(274,3,'Salma Kulas','Quam exercitationem est illo molestiae perferendis nemo accusamus rerum. Esse nesciunt doloremque rem doloribus omnis perferendis. Repellendus accusantium rerum quasi hic perferendis vitae. Voluptatem corrupti magnam in dignissimos amet repudiandae perspiciatis.',2,'2022-04-15 10:17:14','2022-04-15 10:17:14'),(275,13,'Ferne Cole','Et maxime et earum sunt harum. Est praesentium ad sunt repellat sint nisi nesciunt.',2,'2022-04-15 10:17:14','2022-04-15 10:17:14'),(276,33,'Rudolph Kling','Similique quia sit alias omnis sequi rerum dolores. Quos est debitis est. Maiores adipisci pariatur pariatur dolores voluptatum pariatur. Voluptates qui autem ratione culpa porro eos et.',4,'2022-04-15 10:17:14','2022-04-15 10:17:14'),(277,36,'Litzy Daniel','Id et aut est ea. Suscipit molestias exercitationem molestias laboriosam voluptatibus ut. Voluptates aspernatur nulla eum repudiandae eius. Eveniet perspiciatis magni possimus expedita at.',1,'2022-04-15 10:17:14','2022-04-15 10:17:14'),(278,27,'Mr. Clinton Runte','Nostrum ex ullam qui maxime qui. Exercitationem aliquid hic tempora repudiandae voluptatem dicta quia vel. Ea voluptatum mollitia aut iusto consequuntur.',4,'2022-04-15 10:17:14','2022-04-15 10:17:14'),(279,13,'Andrew Hand','Blanditiis autem nulla aliquam aspernatur et veniam neque suscipit. Aut ex et tempora minima tempore. Quae maiores ut at.',1,'2022-04-15 10:17:14','2022-04-15 10:17:14'),(280,26,'Judge Sanford DDS','Cupiditate quae dignissimos voluptatem autem omnis. Omnis corrupti ipsum vel est odit. Rerum ut at quam distinctio. Laudantium debitis rerum facilis aut.',1,'2022-04-15 10:17:14','2022-04-15 10:17:14'),(281,45,'Lewis Lesch','Ut alias modi est doloribus quas non. Sunt beatae qui itaque debitis sunt ut nihil. Et amet quidem provident et.',0,'2022-04-15 10:17:14','2022-04-15 10:17:14'),(282,20,'Dr. Rebecca Yost PhD','Quo quasi deleniti quia et ipsam amet. Natus sed consequuntur labore ut sed eaque. Odit quia exercitationem quae deleniti sunt nostrum. Dolores quam provident repellendus quibusdam dolorem et.',3,'2022-04-15 10:17:14','2022-04-15 10:17:14'),(283,41,'Armando Wiegand','Eligendi quia commodi suscipit omnis. Eligendi et magnam tenetur consequatur est. Libero corporis iure et minima aliquam. Ipsa dolores ut est ipsa saepe suscipit.',5,'2022-04-15 10:17:14','2022-04-15 10:17:14'),(284,45,'Elizabeth Kemmer DVM','Voluptatem dolores aut vero enim. Optio nemo labore id voluptatum aut quaerat. Incidunt officiis quos cupiditate. Nulla doloribus omnis quidem architecto cumque placeat quia.',4,'2022-04-15 10:17:14','2022-04-15 10:17:14'),(285,12,'Mrs. Zoey Kerluke DDS','Omnis numquam consequatur quo repellat quis voluptatem. Esse pariatur tempore debitis dolore. Error assumenda expedita aut ab.',5,'2022-04-15 10:17:14','2022-04-15 10:17:14'),(286,18,'Dr. Cydney Christiansen','Atque aut facilis assumenda sed cumque. Doloribus magni temporibus sed natus soluta. Suscipit quidem sed voluptas et. Mollitia veniam eveniet quam tempore ab distinctio.',5,'2022-04-15 10:17:14','2022-04-15 10:17:14'),(287,44,'Layne Upton','Quia delectus omnis eum omnis quas praesentium voluptates ut. Accusamus et vel hic velit molestiae incidunt magni. Et aut omnis praesentium. Vero et minima amet sit. Numquam dolorem reiciendis quam.',3,'2022-04-15 10:17:14','2022-04-15 10:17:14'),(288,33,'Emory Upton','Et non quaerat quo dolores sit beatae. Qui quasi saepe numquam voluptatem quam id ut at. Quidem molestiae quasi ut sit nemo qui.',2,'2022-04-15 10:17:14','2022-04-15 10:17:14'),(289,22,'Vicenta Bode','Qui culpa nobis qui quo porro. Blanditiis minima magnam voluptas adipisci. At facilis et sunt quia. Dolor praesentium aut odio at quia deleniti. Provident asperiores id incidunt nobis asperiores adipisci.',2,'2022-04-15 10:17:14','2022-04-15 10:17:14'),(290,5,'Josephine Ernser','Hic eligendi doloremque et nisi vel temporibus accusamus consequatur. Vero porro eligendi suscipit saepe quis qui nihil. Fugiat neque ea aliquid nam reiciendis.',3,'2022-04-15 10:17:14','2022-04-15 10:17:14'),(291,24,'Lukas Ryan','Assumenda rerum ipsum rerum in porro reprehenderit. Et ut quam et qui et. Maxime consequatur sapiente sint ipsum laboriosam rerum. Nulla aut distinctio perferendis.',4,'2022-04-15 10:17:14','2022-04-15 10:17:14'),(292,22,'Dr. Sandrine Boehm','Ipsum culpa nihil dolor aut. Incidunt ratione est voluptatibus. Saepe amet aut placeat dignissimos atque iusto nobis.',0,'2022-04-15 10:17:14','2022-04-15 10:17:14'),(293,10,'Mr. Lowell Bernhard','Aut quidem quia et magni autem sapiente. Libero suscipit fugiat quo dolor quis doloribus doloribus quis. Itaque velit quam aspernatur aspernatur ipsam voluptatem voluptatem voluptatibus. Reiciendis quia fugit similique consectetur. Reiciendis eligendi modi sint animi et.',0,'2022-04-15 10:17:14','2022-04-15 10:17:14'),(294,10,'Dr. Arvilla Olson','Expedita quo dolor dicta voluptatibus. Inventore vitae sapiente nisi officia id soluta consequatur velit. Quibusdam et tenetur in saepe aliquid.',1,'2022-04-15 10:17:14','2022-04-15 10:17:14'),(295,1,'Sanford Hermiston','Natus eum fugit necessitatibus laboriosam aut accusamus libero non. Et rerum quas vero molestiae totam officia. Nostrum exercitationem laudantium qui asperiores consequatur. Eum sunt id et.',3,'2022-04-15 10:17:14','2022-04-15 10:17:14'),(296,45,'Toby Luettgen','Dolore facere possimus nulla saepe et inventore omnis. Occaecati impedit itaque vel quisquam.',2,'2022-04-15 10:17:15','2022-04-15 10:17:15'),(297,25,'Marjory Botsford','Commodi molestiae voluptates nihil accusantium officiis incidunt. Est dignissimos qui et autem quo ea aut. Earum perferendis doloremque explicabo esse dolor enim. Voluptates dignissimos libero et et ipsa error.',5,'2022-04-15 10:17:15','2022-04-15 10:17:15'),(298,35,'Conrad Abbott','Earum ullam eius nam ad. Ut est repellendus magnam magni saepe incidunt. Et voluptatem ut velit non earum et fugit.',4,'2022-04-15 10:17:15','2022-04-15 10:17:15'),(299,2,'Dolores Maggio','Est quo explicabo veniam sunt ea. Pariatur expedita incidunt dolorum ut et culpa sequi. Nemo est ut perspiciatis.',4,'2022-04-15 10:17:15','2022-04-15 10:17:15'),(300,45,'Darien Carroll Jr.','Asperiores ad perferendis velit nulla facere maxime consequuntur dignissimos. Aut esse atque molestiae amet et aut.',1,'2022-04-15 10:17:15','2022-04-15 10:17:15');
/*!40000 ALTER TABLE `reviews` ENABLE KEYS */;
UNLOCK TABLES;

--
-- Table structure for table `users`
--

DROP TABLE IF EXISTS `users`;
/*!40101 SET @saved_cs_client     = @@character_set_client */;
/*!40101 SET character_set_client = utf8 */;
CREATE TABLE `users` (
  `id` bigint(20) unsigned NOT NULL AUTO_INCREMENT,
  `name` varchar(255) COLLATE utf8mb4_unicode_ci NOT NULL,
  `email` varchar(255) COLLATE utf8mb4_unicode_ci NOT NULL,
  `email_verified_at` timestamp NULL DEFAULT NULL,
  `password` varchar(255) COLLATE utf8mb4_unicode_ci NOT NULL,
  `remember_token` varchar(100) COLLATE utf8mb4_unicode_ci DEFAULT NULL,
  `created_at` timestamp NULL DEFAULT NULL,
  `updated_at` timestamp NULL DEFAULT NULL,
  PRIMARY KEY (`id`),
  UNIQUE KEY `users_email_unique` (`email`)
) ENGINE=InnoDB AUTO_INCREMENT=11 DEFAULT CHARSET=utf8mb4 COLLATE=utf8mb4_unicode_ci;
/*!40101 SET character_set_client = @saved_cs_client */;

--
-- Dumping data for table `users`
--

LOCK TABLES `users` WRITE;
/*!40000 ALTER TABLE `users` DISABLE KEYS */;
INSERT INTO `users` VALUES (1,'Dr. Rickey Dickinson PhD','stanton.durward@example.org','2022-04-15 10:00:46','$2y$10$92IXUNpkjO0rOQ5byMi.Ye4oKoEa3Ro9llC/.og/at2.uheWG/igi','bWSQglC94Y','2022-04-15 10:00:47','2022-04-15 10:00:47'),(2,'Myles Windler','marquise.kihn@example.org','2022-04-15 10:00:47','$2y$10$92IXUNpkjO0rOQ5byMi.Ye4oKoEa3Ro9llC/.og/at2.uheWG/igi','7AkIRbf7pL','2022-04-15 10:00:47','2022-04-15 10:00:47'),(3,'Anastasia Gislason III','gulgowski.jayda@example.com','2022-04-15 10:00:47','$2y$10$92IXUNpkjO0rOQ5byMi.Ye4oKoEa3Ro9llC/.og/at2.uheWG/igi','9VSnDzycJn','2022-04-15 10:00:47','2022-04-15 10:00:47'),(4,'Oma Bosco','pziemann@example.com','2022-04-15 10:00:47','$2y$10$92IXUNpkjO0rOQ5byMi.Ye4oKoEa3Ro9llC/.og/at2.uheWG/igi','vK5EeX91Rp','2022-04-15 10:00:47','2022-04-15 10:00:47'),(5,'Hubert Schiller','modesto83@example.net','2022-04-15 10:00:47','$2y$10$92IXUNpkjO0rOQ5byMi.Ye4oKoEa3Ro9llC/.og/at2.uheWG/igi','rPh1Fiud7p','2022-04-15 10:00:47','2022-04-15 10:00:47'),(6,'Regan Gusikowski V','damion.thiel@example.org','2022-04-15 10:00:47','$2y$10$92IXUNpkjO0rOQ5byMi.Ye4oKoEa3Ro9llC/.og/at2.uheWG/igi','WTDanGFFqs','2022-04-15 10:00:47','2022-04-15 10:00:47'),(7,'Urban Nitzsche','eleanore93@example.com','2022-04-15 10:00:47','$2y$10$92IXUNpkjO0rOQ5byMi.Ye4oKoEa3Ro9llC/.og/at2.uheWG/igi','pI8abPIKX2','2022-04-15 10:00:47','2022-04-15 10:00:47'),(8,'Ariane Stracke','ova.heller@example.org','2022-04-15 10:00:47','$2y$10$92IXUNpkjO0rOQ5byMi.Ye4oKoEa3Ro9llC/.og/at2.uheWG/igi','uNamUx802L','2022-04-15 10:00:47','2022-04-15 10:00:47'),(9,'Melba Parker','stefanie47@example.net','2022-04-15 10:00:47','$2y$10$92IXUNpkjO0rOQ5byMi.Ye4oKoEa3Ro9llC/.og/at2.uheWG/igi','4v9YG3SKwb','2022-04-15 10:00:47','2022-04-15 10:00:47'),(10,'Malvina Wehner V','fae74@example.com','2022-04-15 10:00:47','$2y$10$92IXUNpkjO0rOQ5byMi.Ye4oKoEa3Ro9llC/.og/at2.uheWG/igi','iJOdWc6QYO','2022-04-15 10:00:47','2022-04-15 10:00:47');
/*!40000 ALTER TABLE `users` ENABLE KEYS */;
UNLOCK TABLES;
/*!40103 SET TIME_ZONE=@OLD_TIME_ZONE */;

/*!40101 SET SQL_MODE=@OLD_SQL_MODE */;
/*!40014 SET FOREIGN_KEY_CHECKS=@OLD_FOREIGN_KEY_CHECKS */;
/*!40014 SET UNIQUE_CHECKS=@OLD_UNIQUE_CHECKS */;
/*!40101 SET CHARACTER_SET_CLIENT=@OLD_CHARACTER_SET_CLIENT */;
/*!40101 SET CHARACTER_SET_RESULTS=@OLD_CHARACTER_SET_RESULTS */;
/*!40101 SET COLLATION_CONNECTION=@OLD_COLLATION_CONNECTION */;
/*!40111 SET SQL_NOTES=@OLD_SQL_NOTES */;

-- Dump completed on 2022-04-15 12:37:00
